event_type,expected_participants,duration_hours,prize_pool,registration_fee,volunteers_needed,rooms_needed,refreshments_needed,stationary_needed,technical_needed,goodies_needed,physical_certificate,trophies_needed,refreshment_item_count,stationery_item_count,technical_item_count,tag_Programming_and_Coding,tag_Competitive_Coding,tag_Database_and_SQL,tag_DSA_and_Problem_Solving,tag_Debugging_and_Logic,tag_Cyber_Security,tag_Web_Development,tag_UI_UX_Design,tag_Project_and_Presentation,tag_Technical_Quiz,tag_General_Quiz,tag_Management_and_Strategy,tag_Creative_and_Marketing,tag_Photography_and_Media,tag_Fun_and_Engagement,tag_Communication_and_Voice,expense_refreshments,expense_stationery,expense_technical,expense_certificates,expense_goodies,expense_trophies,expense_other,total_expense
1,37,1,11074,67,3,1,1,1,1,0,1,0,1,1,1,0,0,0,1,1,0,0,0,0,0,0,0,0,0,0,0,860,455,1277,699,0,0,480,3271
1,44,4,18279,177,5,1,1,0,1,0,1,0,1,0,2,0,0,0,0,0,0,0,0,1,0,0,0,0,0,0,1,792,0,2949,682,0,0,1945,7003
0,81,4,14552,119,7,1,1,1,1,0,0,0,4,3,1,0,0,0,0,0,0,0,0,0,0,0,0,0,1,1,1,3799,553,747,0,0,0,1144,6115
0,56,2,17044,68,4,1,1,1,0,0,0,0,1,2,0,0,0,0,0,0,0,0,0,0,0,0,1,0,0,1,0,1017,358,0,0,0,0,725,2015
0,59,3,10207,23,5,1,1,0,0,0,1,0,2,0,0,0,0,0,0,0,0,0,0,0,0,1,0,0,0,1,0,2451,0,0,1179,0,0,1125,4886
1,19,4,14216,84,2,1,1,0,1,1,0,0,4,0,3,0,0,0,0,0,0,1,1,0,0,0,0,1,0,0,0,1376,0,1520,0,322,0,1907,5840
1,85,3,17292,141,6,2,1,1,1,0,1,1,2,3,5,1,0,0,1,1,0,0,0,0,0,0,0,0,0,0,0,2306,508,7158,2210,0,2049,1091,13181
0,93,3,9780,25,7,2,0,1,0,0,0,1,0,1,0,0,0,0,0,0,0,0,0,0,0,1,0,0,0,1,0,0,705,0,0,0,4481,761,5982
0,132,3,16304,148,8,3,1,0,0,0,1,0,3,0,0,0,0,0,0,0,0,0,0,0,0,0,0,0,1,1,1,4662,0,0,5179,0,0,1595,12943
0,55,1,7404,77,5,1,1,0,0,0,0,0,1,0,0,0,0,0,0,0,0,0,0,0,0,0,0,1,0,1,1,988,0,0,0,0,0,1859,2495
0,31,3,7504,73,3,1,0,0,0,0,1,1,0,0,0,0,0,0,0,0,0,0,0,0,0,0,1,0,0,1,0,0,0,0,500,0,1975,899,3142
0,69,3,5949,65,7,2,0,0,0,0,1,0,0,0,0,0,0,0,0,0,0,0,0,0,0,0,1,0,0,1,0,0,0,0,1650,0,0,705,2385
1,24,3,16645,127,2,1,0,0,1,0,0,1,0,0,3,0,0,0,0,0,0,1,1,0,0,0,0,1,0,0,0,0,0,4931,0,0,1223,1976,8794
0,19,1,5030,14,2,1,1,0,0,1,0,1,1,0,0,0,0,0,0,0,0,0,0,0,0,0,1,0,0,0,1,172,0,0,0,749,1560,1512,4317
0,18,1,9211,65,2,1,1,0,0,0,1,1,4,0,0,0,0,0,0,0,0,0,0,0,0,0,0,1,0,1,1,1035,0,0,322,0,3589,1321,5949
1,14,3,11588,184,2,1,1,1,1,0,0,0,1,1,4,0,0,0,0,0,0,0,0,1,0,0,0,0,0,0,1,191,115,6053,0,0,0,1347,8601
0,36,1,7036,62,3,1,1,1,1,1,0,0,1,1,5,0,0,0,0,0,0,0,0,0,0,0,0,1,0,1,1,388,436,7847,0,1146,0,1587,11382
1,102,5,27346,130,10,2,1,1,1,0,1,1,4,2,4,1,1,0,0,0,0,1,0,0,0,0,0,0,0,0,0,6288,535,1576,1610,0,2909,765,13718
0,186,5,12536,124,15,6,0,0,0,0,1,0,0,0,0,0,0,0,0,0,0,0,0,0,0,0,0,0,1,1,1,0,0,0,3949,0,0,938,5261
1,29,2,16320,60,2,1,1,0,1,1,1,0,2,0,5,0,0,0,0,0,0,1,1,0,0,0,0,1,0,0,0,588,0,3607,551,1243,0,1654,7948
1,72,1,11868,92,5,2,1,0,1,1,1,0,3,0,4,1,0,1,0,0,0,0,0,0,0,0,0,0,0,0,0,4547,0,2143,2686,2244,0,1653,14850
0,29,1,5076,79,3,1,1,0,1,0,1,1,3,0,2,0,0,0,0,0,0,0,0,0,0,0,0,1,0,1,1,926,0,1220,744,0,3454,1749,6895
0,50,2,14086,69,5,1,1,0,0,1,1,1,3,0,0,0,0,0,0,0,0,0,0,0,0,0,1,0,0,1,0,2289,0,0,1027,929,1006,1897,6768
0,63,3,7057,3,7,1,1,1,1,0,0,1,4,3,4,0,0,0,0,0,0,0,0,0,0,1,0,0,0,1,0,4925,544,7796,0,0,5831,653,19732
1,76,5,16232,188,7,1,1,1,1,0,1,1,3,1,3,1,1,0,0,0,0,1,0,0,0,0,0,0,0,0,0,3026,408,3891,2095,0,577,701,12008
1,51,1,10794,49,3,1,0,0,1,1,1,0,0,0,2,1,0,0,0,0,0,0,0,0,1,0,0,0,0,0,0,0,0,921,1389,2273,0,635,5487
0,164,3,12938,194,12,3,0,0,0,0,1,0,0,0,0,0,0,0,0,0,0,0,0,0,0,0,0,0,1,1,1,0,0,0,3434,0,0,1510,4747
1,50,3,5317,80,4,1,0,1,1,0,0,1,0,1,2,0,0,0,1,1,0,0,0,0,0,0,0,0,0,0,0,0,566,2328,0,0,1270,1703,5551
0,23,2,5568,99,2,1,1,1,0,0,0,1,3,1,0,0,0,0,0,0,0,0,0,0,0,0,0,1,0,1,1,663,250,0,0,0,4549,229,5711
0,41,1,5888,38,2,1,0,1,0,0,1,0,0,2,0,0,0,0,0,0,0,0,0,0,0,1,0,0,0,1,0,0,469,0,793,0,0,1443,2613
1,76,3,5027,83,6,2,1,0,1,0,0,0,1,0,3,1,0,1,0,0,0,0,0,0,0,0,0,0,0,0,0,840,0,2441,0,0,0,404,4154
0,72,4,10344,75,6,1,1,1,0,0,0,0,3,2,0,0,0,0,0,0,0,0,0,0,0,0,1,0,0,1,0,2779,835,0,0,0,0,1670,5371
1,103,6,19700,126,7,2,1,0,1,0,1,1,4,0,2,1,1,0,0,0,0,1,0,0,0,0,0,0,0,0,0,5202,0,735,3855,0,5551,1339,15876
1,51,3,16445,134,3,1,0,0,1,0,1,1,0,0,1,1,0,0,1,1,0,0,0,0,0,0,0,0,0,0,0,0,0,1506,1908,0,1830,1603,7138
1,37,3,6193,29,2,1,1,0,1,0,1,1,1,0,1,1,0,0,0,0,0,0,0,0,1,0,0,0,0,0,0,422,0,1817,1115,0,1027,382,4996
1,30,2,13486,29,3,1,1,0,1,0,0,0,3,0,4,1,0,0,0,0,0,0,0,0,1,0,0,0,0,0,0,1027,0,4750,0,0,0,1445,7551
0,83,5,24699,120,5,2,1,1,0,0,1,0,3,2,0,0,0,0,0,0,0,0,0,0,0,0,0,0,1,1,1,4900,611,0,1920,0,0,1543,9376
1,88,3,11841,84,6,2,0,1,1,1,1,1,0,1,1,1,0,0,1,1,0,0,0,0,0,0,0,0,0,0,0,0,1018,1222,1526,2290,1795,639,9694
0,108,4,18890,159,7,4,1,1,0,0,0,0,4,2,0,0,0,0,0,0,0,0,0,0,0,0,0,0,1,1,1,9668,1221,0,0,0,0,1630,12528
1,109,6,19892,196,7,2,1,0,1,0,0,0,3,0,4,1,1,0,0,0,0,1,0,0,0,0,0,0,0,0,0,5358,0,2205,0,0,0,1500,8466
1,24,1,8185,21,2,1,1,1,1,1,0,1,4,3,5,1,0,0,0,0,0,0,0,0,1,0,0,0,0,0,0,1793,162,9464,0,1046,5616,866,16192
1,151,5,25530,154,15,3,1,1,1,0,1,1,4,2,4,1,1,0,0,0,0,1,0,0,0,0,0,0,0,0,0,9315,2214,7738,5485,0,1883,893,30427
1,48,4,8317,145,6,1,1,1,1,0,1,1,2,1,1,1,0,0,1,1,0,0,0,0,0,0,0,0,0,0,0,1108,507,1885,1555,0,4065,374,9821
1,59,4,12068,160,6,1,0,1,1,0,1,0,0,3,1,1,0,0,0,0,1,0,0,0,0,0,0,0,0,0,0,0,377,1132,2179,0,0,1533,5529
1,54,3,9771,124,6,1,1,0,1,0,0,1,2,0,1,0,0,0,0,0,0,1,1,0,0,0,0,1,0,0,0,1554,0,728,0,0,5142,1658,10082
0,74,2,14272,100,9,2,1,0,1,0,1,0,4,0,1,0,0,0,0,0,0,0,0,0,0,0,1,0,0,1,0,4934,0,1102,2586,0,0,1369,10596
0,169,4,20413,158,16,4,1,0,0,0,0,0,4,0,0,0,0,0,0,0,0,0,0,0,0,0,0,0,1,1,1,15108,0,0,0,0,0,808,15321
0,64,4,15280,131,7,1,0,1,0,0,1,1,0,2,0,0,0,0,0,0,0,0,0,0,0,0,0,0,1,1,1,0,690,0,1017,0,1198,1176,3819
1,62,2,7906,16,4,1,0,0,1,0,1,0,0,0,1,1,0,0,0,0,0,0,0,0,1,0,0,0,0,0,0,0,0,254,987,0,0,1680,2798
1,41,3,13004,35,3,1,1,0,1,0,1,1,4,0,2,1,0,0,0,0,0,0,0,0,1,0,0,0,0,0,0,2760,0,3171,836,0,2868,353,8644
0,51,4,14068,83,3,1,0,0,0,0,1,1,0,0,0,0,0,0,0,0,0,0,0,0,0,0,0,1,1,0,0,0,0,0,1454,0,4368,1506,8374
1,31,4,11958,195,3,1,1,1,1,0,0,0,3,1,2,0,0,0,0,0,0,0,0,1,0,0,0,0,0,0,1,1287,401,1374,0,0,0,990,3539
0,21,3,10912,61,2,1,0,1,1,1,1,0,0,3,4,0,0,0,0,0,0,0,0,0,0,0,1,0,0,1,0,0,307,6819,680,572,0,511,7972
1,30,1,9702,68,2,1,1,1,1,1,0,0,1,2,4,0,0,0,1,1,0,0,0,0,0,0,0,0,0,0,0,517,364,5553,0,701,0,1918,9699
1,66,2,10485,69,5,2,0,1,1,0,0,0,0,1,5,1,0,0,1,1,0,0,0,0,0,0,0,0,0,0,0,0,733,4776,0,0,0,645,5888
0,98,4,15253,69,7,2,1,1,0,1,0,0,3,3,0,0,0,0,0,0,0,0,0,0,0,0,1,0,0,1,0,2709,603,0,0,1605,0,273,5743
1,77,3,11929,72,8,2,1,1,1,0,1,1,3,3,4,1,0,0,1,1,0,0,0,0,0,0,0,0,0,0,0,3722,460,4339,2066,0,759,980,11950
1,85,2,14663,42,7,2,1,1,1,1,1,1,1,1,3,1,0,0,0,0,0,0,0,0,1,0,0,0,0,0,0,1574,463,2622,2604,2557,5354,1385,14884
0,24,4,7037,79,2,1,1,1,0,0,1,0,3,3,0,0,0,0,0,0,0,0,0,0,0,0,1,0,0,1,0,1341,126,0,711,0,0,1892,4162
0,54,1,5748,14,6,1,1,1,1,0,1,0,3,1,5,0,0,0,0,0,0,0,0,0,0,1,0,0,0,1,0,3021,517,5910,2080,0,0,894,14140
0,185,5,11494,160,14,4,1,0,0,0,0,1,4,0,0,0,0,0,0,0,0,0,0,0,0,0,0,0,1,1,1,8833,0,0,0,0,1812,381,9432
1,25,3,6442,70,2,1,1,0,1,0,0,1,4,0,4,1,0,1,0,0,0,0,0,0,0,0,0,0,0,0,0,1924,0,1312,0,0,978,1720,5085
1,43,4,18167,180,2,1,1,1,1,1,1,0,4,1,1,0,0,0,0,0,0,0,0,1,0,0,0,0,0,0,1,2275,265,1454,1321,1776,0,1523,9398
1,55,2,10091,35,6,1,1,1,1,0,1,0,2,2,3,1,0,0,0,0,0,0,0,0,1,0,0,0,0,0,0,1282,687,4956,2186,0,0,942,9667
0,83,3,11838,30,5,2,1,1,1,0,0,1,1,2,4,0,0,0,0,0,0,0,0,0,0,1,0,0,0,1,0,1171,1187,6980,0,0,2286,1551,14181
0,32,1,7317,46,2,1,1,0,0,0,1,1,4,0,0,0,0,0,0,0,0,0,0,0,0,1,0,0,0,1,0,2884,0,0,884,0,3479,776,8974
0,32,2,6956,86,2,1,0,1,0,0,0,1,0,3,0,0,0,0,0,0,0,0,0,0,0,0,0,1,0,1,1,0,163,0,0,0,5574,364,5770
1,57,5,10606,116,4,2,0,1,1,0,1,0,0,2,2,1,0,0,0,0,1,0,0,0,0,0,0,0,0,0,0,0,826,2464,1755,0,0,1007,5676
1,49,4,12342,93,3,1,1,1,1,0,1,0,4,3,1,1,0,0,1,1,0,0,0,0,0,0,0,0,0,0,0,3741,613,1624,1702,0,0,364,8030
1,29,3,18340,137,2,1,0,1,1,1,0,0,0,2,2,1,0,0,1,1,0,0,0,0,0,0,0,0,0,0,0,0,304,1989,0,1207,0,831,3833
0,28,2,5753,70,3,1,1,1,1,0,0,1,2,1,5,0,0,0,0,0,0,0,0,0,0,0,1,0,0,1,0,1143,313,1910,0,0,1252,1461,5299
1,103,3,14554,9,9,2,1,1,1,0,0,0,3,3,5,1,0,0,0,0,0,0,0,0,1,0,0,0,0,0,0,6054,598,1763,0,0,0,1975,9998
1,36,2,15237,94,3,1,0,0,1,0,1,0,0,0,4,0,0,0,0,0,0,1,1,0,0,0,0,1,0,0,0,0,0,6652,1392,0,0,1974,10779
1,37,2,8124,86,2,1,1,0,1,1,0,1,1,0,5,0,0,0,1,1,0,0,0,0,0,0,0,0,0,0,0,379,0,7994,0,1174,3408,1831,13061
1,49,3,9689,99,4,1,0,1,1,1,1,0,0,3,2,1,0,1,0,0,0,0,0,0,0,0,0,0,0,0,0,0,250,2087,803,909,0,411,4659
1,56,1,7530,100,3,2,1,0,1,1,1,0,2,0,2,0,0,0,1,1,0,0,0,0,0,0,0,0,0,0,0,1988,0,3863,1364,1319,0,1763,9443
1,58,4,18697,164,4,1,1,0,1,0,0,0,3,0,1,1,0,0,0,0,1,0,0,0,0,0,0,0,0,0,0,1597,0,1945,0,0,0,277,4267
0,32,1,4153,48,2,1,0,0,0,0,1,0,0,0,0,0,0,0,0,0,0,0,0,0,0,0,1,0,0,0,1,0,0,0,1274,0,0,332,1631
1,156,6,23791,115,10,4,1,0,1,0,0,0,1,0,2,1,1,0,0,0,0,1,0,0,0,0,0,0,0,0,0,2628,0,2665,0,0,0,1452,6653
1,64,1,10075,35,4,1,1,1,1,0,0,1,4,1,2,1,0,0,0,0,0,0,0,0,1,0,0,0,0,0,0,4547,896,563,0,0,921,1910,9871
1,47,2,13071,57,5,1,0,1,1,0,0,0,0,3,4,1,0,1,0,0,0,0,0,0,0,0,0,0,0,0,0,0,526,2797,0,0,0,538,3818
1,30,5,20730,112,2,1,1,0,1,1,1,0,2,0,3,1,0,0,0,0,1,0,0,0,0,0,0,0,0,0,0,1065,0,1019,1180,1337,0,1456,6122
1,33,2,9460,91,2,1,1,1,1,1,0,0,2,3,5,0,0,0,1,1,0,0,0,0,0,0,0,0,0,0,0,1399,390,2463,0,1396,0,1680,8316
1,127,5,27890,142,11,4,0,1,1,0,1,0,0,1,3,1,1,0,0,0,0,1,0,0,0,0,0,0,0,0,0,0,1414,2858,4866,0,0,1758,9409
1,16,3,14542,118,2,1,1,1,1,0,1,1,2,3,3,1,0,0,0,0,1,0,0,0,0,0,0,0,0,0,0,468,209,5931,300,0,1391,885,10478
1,61,3,8858,66,4,1,1,1,1,0,1,0,4,3,2,0,0,0,0,0,0,1,1,0,0,0,0,1,0,0,0,5264,590,1893,1331,0,0,301,10405
1,68,2,12504,91,8,2,0,0,1,0,1,0,0,0,4,1,0,1,0,0,0,0,0,0,0,0,0,0,0,0,0,0,0,7997,2714,0,0,1199,12871
1,95,2,13277,127,9,3,1,0,1,0,0,1,3,0,4,1,0,0,1,1,0,0,0,0,0,0,0,0,0,0,0,6197,0,2580,0,0,3527,432,14470
0,140,3,22994,189,15,3,1,0,0,1,1,1,3,0,0,0,0,0,0,0,0,0,0,0,0,0,0,0,1,1,1,5220,0,0,4450,4696,2074,404,17710
0,76,4,9557,70,5,2,1,1,1,0,1,0,1,2,1,0,0,0,0,0,0,0,0,0,0,0,1,0,0,1,0,1564,775,1733,2188,0,0,1209,8312
0,44,3,14115,53,3,1,1,1,0,0,0,0,3,3,0,0,0,0,0,0,0,0,0,0,0,0,0,1,1,0,0,1453,232,0,0,0,0,1559,3361
0,62,3,6697,86,5,2,1,1,1,0,1,0,2,2,5,0,0,0,0,0,0,0,0,0,0,0,1,0,0,1,0,1512,394,1130,1473,0,0,1261,5583
1,92,6,15474,123,7,1,0,0,1,0,1,1,0,0,4,1,1,0,0,0,0,1,0,0,0,0,0,0,0,0,0,0,0,7309,2180,0,1270,1610,11985
1,42,3,11503,195,3,1,1,1,1,0,0,0,1,1,2,1,0,0,0,0,1,0,0,0,0,0,0,0,0,0,0,921,608,929,0,0,0,1867,4314
1,31,2,9336,84,2,1,1,0,1,0,1,0,3,0,4,0,0,0,0,0,0,1,1,0,0,0,0,1,0,0,0,1477,0,7856,846,0,0,791,11409
1,30,2,10555,93,2,1,1,1,1,0,1,1,3,1,2,0,0,0,1,1,0,0,0,0,0,0,0,0,0,0,0,912,188,860,563,0,1416,1353,4786
0,40,3,6965,50,2,1,1,1,0,1,1,0,3,1,0,0,0,0,0,0,0,0,0,0,0,0,1,0,0,1,0,2694,389,0,1267,806,0,546,4916
0,45,2,15147,51,3,1,0,0,0,0,1,1,0,0,0,0,0,0,0,0,0,0,0,0,0,0,1,0,0,1,0,0,0,0,988,0,765,359,1871
0,35,2,8769,94,2,1,1,1,0,0,1,0,3,1,0,0,0,0,0,0,0,0,0,0,0,0,0,1,0,1,1,1269,302,0,965,0,0,1442,3428
0,50,2,5625,82,5,1,1,0,0,0,0,0,2,0,0,0,0,0,0,0,0,0,0,0,0,0,0,1,0,1,1,1841,0,0,0,0,0,347,2433
1,65,2,7096,62,6,1,1,0,1,1,0,0,4,0,5,0,0,0,1,1,0,0,0,0,0,0,0,0,0,0,0,2578,0,3491,0,2547,0,1546,9200
0,20,2,5589,9,2,1,1,0,0,0,1,1,4,0,0,0,0,0,0,0,0,0,0,0,0,0,1,0,0,0,1,1164,0,0,542,0,2854,864,5363
1,64,1,11041,68,7,1,0,0,1,0,1,0,0,0,5,1,0,1,0,0,0,0,0,0,0,0,0,0,0,0,0,0,0,1330,1363,0,0,1484,4672
1,50,3,14366,91,4,1,1,0,1,0,1,0,3,0,1,1,0,1,0,0,0,0,0,0,0,0,0,0,0,0,0,2547,0,392,1309,0,0,1158,4988
1,31,2,12059,140,2,1,1,0,1,0,0,1,3,0,5,0,0,0,0,0,0,1,1,0,0,0,0,1,0,0,0,1363,0,1180,0,0,983,580,3893
0,20,1,7700,56,2,1,1,0,0,0,1,1,2,0,0,0,0,0,0,0,0,0,0,0,0,0,0,1,0,1,1,894,0,0,596,0,3037,1620,6144
0,25,4,7112,88,2,1,1,0,0,1,0,0,1,0,0,0,0,0,0,0,0,0,0,0,0,0,1,0,0,1,0,426,0,0,0,815,0,1541,2724
0,69,4,10298,146,5,2,0,1,0,1,0,1,0,2,0,0,0,0,0,0,0,0,0,0,0,0,0,0,1,1,1,0,540,0,0,1786,1468,1227,4804
1,79,2,7147,88,5,2,1,0,1,0,0,1,4,0,1,1,0,1,0,0,0,0,0,0,0,0,0,0,0,0,0,5715,0,627,0,0,1305,475,7503
0,29,3,12277,89,2,1,0,1,0,0,0,0,0,1,0,0,0,0,0,0,0,0,0,0,0,0,0,1,1,0,0,0,199,0,0,0,0,713,822
0,73,4,12564,99,6,1,1,0,0,0,0,1,3,0,0,0,0,0,0,0,0,0,0,0,0,0,0,1,1,0,0,2234,0,0,0,0,1286,938,5103
1,30,2,9542,6,3,1,1,1,1,0,1,0,1,1,4,1,0,0,0,0,0,0,0,0,1,0,0,0,0,0,0,449,440,7031,1062,0,0,664,8693
0,60,2,11797,53,4,1,1,1,1,1,1,1,3,1,2,0,0,0,0,0,0,0,0,0,0,0,0,1,1,0,0,4129,634,2457,1319,2285,780,782,12108
0,50,4,7273,98,3,1,1,0,1,1,1,0,4,0,1,0,0,0,0,0,0,0,0,0,0,0,1,0,0,1,0,2527,0,406,1513,1182,0,1246,6161
0,48,3,9934,57,6,1,1,0,0,1,0,0,1,0,0,0,0,0,0,0,0,0,0,0,0,0,1,0,0,1,0,815,0,0,0,794,0,805,2149
1,35,2,9772,27,4,1,1,0,1,1,0,0,3,0,1,1,0,0,0,0,0,0,0,0,1,0,0,0,0,0,0,2504,0,780,0,1375,0,658,5606
1,131,7,29308,160,16,2,1,1,1,0,1,1,2,3,1,1,1,0,0,0,0,1,0,0,0,0,0,0,0,0,0,4698,1272,941,3107,0,5682,1695,19821
0,20,2,5363,72,2,1,1,0,0,0,0,0,1,0,0,0,0,0,0,0,0,0,0,0,0,0,0,1,0,1,1,399,0,0,0,0,0,1889,2069
0,14,1,5403,12,2,1,1,1,0,0,0,0,3,1,0,0,0,0,0,0,0,0,0,0,0,0,1,0,0,0,1,844,150,0,0,0,0,1715,2416
1,42,4,15848,199,5,1,1,1,1,0,0,0,4,2,2,0,0,0,0,0,0,0,0,1,0,0,0,0,0,0,1,2020,278,991,0,0,0,1666,5200
1,57,3,8009,33,4,1,1,1,1,0,0,1,3,2,1,1,0,0,0,0,0,0,0,0,1,0,0,0,0,0,0,2459,785,906,0,0,1724,990,6610
0,35,2,7510,78,2,1,1,1,1,0,1,0,3,3,1,0,0,0,0,0,0,0,0,0,0,0,0,1,0,1,1,1419,436,1104,728,0,0,1819,5314
1,65,4,13952,115,6,2,1,0,1,0,1,1,3,0,3,1,0,0,1,1,0,0,0,0,0,0,0,0,0,0,0,4406,0,3970,1164,0,3819,1329,13960
1,28,2,12371,73,2,1,0,0,1,0,1,0,0,0,2,1,0,1,0,0,0,0,0,0,0,0,0,0,0,0,0,0,0,3258,854,0,0,1160,5894
1,58,1,11026,61,3,1,1,0,1,0,1,0,3,0,4,0,0,0,1,1,0,0,0,0,0,0,0,0,0,0,0,1961,0,3044,1230,0,0,1539,6686
1,33,3,12223,109,2,1,0,1,1,1,0,0,0,2,3,0,0,0,0,0,0,0,0,1,0,0,0,0,0,0,1,0,416,5334,0,833,0,1678,7296
1,88,3,12914,70,8,1,1,1,1,0,0,1,4,1,3,1,0,0,1,1,0,0,0,0,0,0,0,0,0,0,0,3841,789,4905,0,0,2174,612,13142
0,63,4,14038,58,7,2,1,0,0,0,0,0,1,0,0,0,0,0,0,0,0,0,0,0,0,0,0,1,1,0,0,1172,0,0,0,0,0,1449,2654
1,26,4,20524,109,2,1,1,1,1,0,0,0,2,1,4,1,0,0,0,0,1,0,0,0,0,0,0,0,0,0,0,737,177,7340,0,0,0,1250,9221
1,47,1,13488,59,3,1,1,0,1,1,0,0,3,0,1,1,0,1,0,0,0,0,0,0,0,0,0,0,0,0,0,3272,0,476,0,1531,0,1110,6602
0,26,2,10202,35,2,1,1,0,1,0,1,0,2,0,5,0,0,0,0,0,0,0,0,0,0,1,0,0,0,1,0,1148,0,9389,757,0,0,1453,14362
0,46,1,5232,55,5,1,0,1,1,0,0,1,0,3,5,0,0,0,0,0,0,0,0,0,0,0,0,1,0,1,1,0,300,6186,0,0,2820,963,10997
0,76,4,9012,93,5,2,1,0,1,0,1,1,2,0,3,0,0,0,0,0,0,0,0,0,0,0,1,0,0,1,0,3478,0,3034,1355,0,5931,1710,13761
0,56,2,8266,58,4,1,1,1,0,0,1,1,3,2,0,0,0,0,0,0,0,0,0,0,0,0,0,1,0,1,1,3704,570,0,1667,0,3295,298,9062
0,170,4,24177,120,13,3,0,1,1,0,1,0,0,2,1,0,0,0,0,0,0,0,0,0,0,0,0,0,1,1,1,0,857,800,4242,0,0,1167,7956
1,50,4,16281,108,4,1,1,1,1,0,1,0,4,2,5,1,0,0,1,1,0,0,0,0,0,0,0,0,0,0,0,2840,618,5069,1030,0,0,1014,9432
1,61,5,22060,117,5,1,1,1,1,1,1,0,3,3,3,1,1,0,0,0,0,1,0,0,0,0,0,0,0,0,0,3015,560,5540,1467,1977,0,1338,11867
1,74,4,16261,107,6,1,1,1,1,0,1,0,3,3,3,1,0,0,1,1,0,0,0,0,0,0,0,0,0,0,0,2590,1081,1402,1877,0,0,353,8391
1,37,4,19870,165,2,1,1,1,1,0,0,0,2,3,5,1,0,0,0,0,1,0,0,0,0,0,0,0,0,0,0,1326,209,7749,0,0,0,577,11038
1,24,4,20044,140,2,1,0,0,1,0,1,0,0,0,5,1,0,0,0,0,1,0,0,0,0,0,0,0,0,0,0,0,0,2716,381,0,0,1049,4226
1,26,2,8890,1,2,1,1,0,1,0,0,0,1,0,5,1,0,0,0,0,0,0,0,0,1,0,0,0,0,0,0,536,0,5079,0,0,0,1143,6637
1,49,2,10370,50,4,1,1,1,1,0,0,0,4,1,2,1,0,0,0,0,0,0,0,0,1,0,0,0,0,0,0,3409,321,1054,0,0,0,1751,7409
1,42,1,8125,51,2,1,1,1,1,1,1,0,4,3,1,1,0,1,0,0,0,0,0,0,0,0,0,0,0,0,0,2194,480,935,656,826,0,1488,6892
1,16,4,19189,141,2,1,1,0,1,0,1,0,3,0,5,1,0,0,0,0,1,0,0,0,0,0,0,0,0,0,0,591,0,3079,508,0,0,235,3888
1,76,2,7019,17,6,2,0,0,1,0,0,0,0,0,4,1,0,0,0,0,0,0,0,0,1,0,0,0,0,0,0,0,0,2085,0,0,0,1374,3187
0,19,3,7857,85,2,1,1,0,0,0,0,0,2,0,0,0,0,0,0,0,0,0,0,0,0,0,0,1,0,1,1,480,0,0,0,0,0,1500,2191
0,69,2,9712,95,7,1,0,0,0,1,0,1,0,0,0,0,0,0,0,0,0,0,0,0,0,0,1,0,0,1,0,0,0,0,0,1857,4506,568,6500
0,92,2,5894,39,8,2,1,0,1,1,1,1,4,0,1,0,0,0,0,0,0,0,0,0,0,1,0,0,0,1,0,3383,0,353,1858,1453,2316,1249,10361
1,55,3,19016,120,3,1,0,0,1,0,1,0,0,0,3,1,0,0,0,0,1,0,0,0,0,0,0,0,0,0,0,0,0,5014,1294,0,0,666,6722
0,55,2,6465,91,5,1,0,0,1,0,1,0,0,0,1,0,0,0,0,0,0,0,0,0,0,0,1,0,0,1,0,0,0,682,1683,0,0,936,3352
0,69,4,11052,97,5,2,1,0,1,0,1,0,4,0,2,0,0,0,0,0,0,0,0,0,0,0,1,0,0,1,0,3703,0,3814,2352,0,0,452,11461
0,30,2,4579,7,2,1,0,0,0,1,1,1,0,0,0,0,0,0,0,0,0,0,0,0,0,0,1,0,0,0,1,0,0,0,1120,1169,3413,240,5529
1,32,4,16643,154,2,1,1,1,1,0,1,0,1,2,4,0,0,0,0,0,0,0,0,1,0,0,0,0,0,0,1,592,242,1803,1147,0,0,1971,5799
1,45,3,9374,21,3,1,0,1,1,0,0,1,0,1,4,1,0,0,0,0,0,0,0,0,1,0,0,0,0,0,0,0,347,932,0,0,3742,411,5556
1,31,4,16233,140,2,1,1,0,1,0,0,1,2,0,4,0,0,0,0,0,0,1,1,0,0,0,0,1,0,0,0,1073,0,5490,0,0,1744,571,7575
0,17,2,6406,44,2,1,1,0,1,1,0,0,1,0,5,0,0,0,0,0,0,0,0,0,0,0,1,0,0,0,1,382,0,8865,0,559,0,1280,11634
0,19,2,3639,36,2,1,0,0,1,0,1,0,0,0,4,0,0,0,0,0,0,0,0,0,0,0,1,0,0,0,1,0,0,7383,483,0,0,889,8804
1,19,2,10872,87,2,1,0,1,1,1,1,0,0,3,1,0,0,0,1,1,0,0,0,0,0,0,0,0,0,0,0,0,126,1528,324,628,0,641,3139
0,23,2,3178,25,2,1,0,0,1,0,1,0,0,0,1,0,0,0,0,0,0,0,0,0,0,0,1,0,0,0,1,0,0,840,758,0,0,734,2378
1,54,1,7351,26,5,1,1,0,1,0,0,1,4,0,4,1,0,0,0,0,0,0,0,0,1,0,0,0,0,0,0,4094,0,7545,0,0,3197,586,13252
0,53,2,16835,58,4,1,1,0,0,0,1,1,1,0,0,0,0,0,0,0,0,0,0,0,0,0,1,0,0,1,0,950,0,0,863,0,2489,1274,5298
0,41,3,7357,24,3,1,1,1,1,0,0,1,4,3,1,0,0,0,0,0,0,0,0,0,0,0,1,0,0,0,1,1738,235,1510,0,0,1243,1439,6044
1,21,3,11653,176,2,1,1,0,1,1,0,0,2,0,5,0,0,0,0,0,0,0,0,1,0,0,0,0,0,0,1,894,0,8194,0,752,0,689,10814
1,26,3,12295,164,2,1,0,0,1,0,1,0,0,0,3,0,0,0,0,0,0,0,0,1,0,0,0,0,0,0,1,0,0,1094,986,0,0,446,2867
1,70,2,7347,42,6,1,1,1,1,0,0,0,4,3,4,1,0,0,0,0,0,0,0,0,1,0,0,0,0,0,0,3297,729,7085,0,0,0,1518,13790
1,59,2,11244,100,4,1,1,1,1,0,0,0,2,2,2,1,0,1,0,0,0,0,0,0,0,0,0,0,0,0,0,2287,796,1298,0,0,0,1080,5004
0,49,1,7607,26,3,1,1,1,1,0,1,0,3,1,5,0,0,0,0,0,0,0,0,0,0,0,1,0,0,0,1,3404,264,7350,1868,0,0,525,13684
1,46,3,14398,148,5,1,1,0,1,0,1,0,3,0,3,0,0,0,0,0,0,0,0,1,0,0,0,0,0,0,1,1312,0,4366,1031,0,0,1863,9783
1,153,6,18113,194,17,3,0,1,1,1,0,1,0,1,5,1,1,0,0,0,0,1,0,0,0,0,0,0,0,0,0,0,1490,8758,0,6171,1957,1692,17280
0,55,4,12639,84,4,1,1,0,0,1,0,0,3,0,0,0,0,0,0,0,0,0,0,0,0,0,1,0,0,1,0,2054,0,0,0,1023,0,338,3616
1,25,4,15126,152,3,1,0,0,1,1,1,0,0,0,4,0,0,0,0,0,0,0,0,1,0,0,0,0,0,0,1,0,0,6018,415,611,0,1171,8931
0,39,3,8214,71,3,1,1,1,0,0,1,0,4,3,0,0,0,0,0,0,0,0,0,0,0,0,1,0,0,1,0,2868,540,0,1185,0,0,619,4468
1,81,3,6378,46,6,2,1,0,1,1,0,0,1,0,5,1,0,0,0,0,0,0,0,0,1,0,0,0,0,0,0,754,0,8872,0,2500,0,1890,15272
1,79,1,5794,98,9,2,1,0,1,1,1,1,4,0,3,1,0,1,0,0,0,0,0,0,0,0,0,0,0,0,0,4506,0,4742,1978,2322,1441,1772,19195
1,74,3,5128,0,5,2,1,0,1,0,1,0,4,0,2,1,0,0,0,0,0,0,0,0,1,0,0,0,0,0,0,4518,0,1916,2474,0,0,629,8422
1,36,1,9295,59,3,1,1,1,1,0,0,1,4,2,5,0,0,0,1,1,0,0,0,0,0,0,0,0,0,0,0,1916,286,3102,0,0,563,232,6991
1,68,2,6320,41,8,2,1,1,1,0,0,0,1,2,4,1,0,0,0,0,0,0,0,0,1,0,0,0,0,0,0,1004,802,2371,0,0,0,1909,6608
0,19,1,9326,52,2,1,0,0,0,0,0,0,0,0,0,0,0,0,0,0,0,0,0,0,0,0,0,1,0,1,1,0,0,0,0,0,0,951,1059
0,95,1,6469,20,11,3,1,0,0,0,1,1,2,0,0,0,0,0,0,0,0,0,0,0,0,1,0,0,0,1,0,3042,0,0,2881,0,2251,1984,9340
0,114,3,14288,98,11,2,0,0,0,0,1,0,0,0,0,0,0,0,0,0,0,0,0,0,0,0,1,0,0,1,0,0,0,0,3561,0,0,1293,4872
1,42,3,17915,148,3,1,1,0,1,0,1,1,4,0,4,1,0,0,1,1,0,0,0,0,0,0,0,0,0,0,0,1956,0,2387,825,0,1669,830,6649
0,117,2,12839,65,13,4,1,1,0,1,1,1,1,1,0,0,0,0,0,0,0,0,0,0,0,0,1,0,0,1,0,2604,1670,0,4665,2365,2188,1564,15941
0,18,2,5209,6,2,1,1,1,0,0,1,1,1,3,0,0,0,0,0,0,0,0,0,0,0,0,1,0,0,0,1,382,130,0,370,0,3916,1267,6210
0,19,3,5101,68,2,1,0,0,0,0,1,0,0,0,0,0,0,0,0,0,0,0,0,0,0,0,0,1,0,1,1,0,0,0,701,0,0,678,1225
0,109,3,10274,67,9,3,1,1,0,0,1,1,3,1,0,0,0,0,0,0,0,0,0,0,0,0,1,0,0,1,0,7630,1484,0,3840,0,4448,1191,16289
1,50,2,8750,6,5,1,1,1,1,0,1,0,4,2,4,1,0,0,0,0,0,0,0,0,1,0,0,0,0,0,0,2918,379,6008,1369,0,0,345,10094
1,45,4,15253,177,4,1,1,0,1,0,1,0,4,0,5,1,0,0,0,0,1,0,0,0,0,0,0,0,0,0,0,1825,0,8660,1232,0,0,1065,13136
1,104,2,11161,17,7,2,1,0,1,0,1,0,1,0,4,1,0,0,0,0,0,0,0,0,1,0,0,0,0,0,0,1478,0,5681,3030,0,0,680,12103
1,42,5,14773,188,4,1,0,0,1,1,1,1,0,0,2,0,0,0,0,0,0,0,0,1,0,0,0,0,0,0,1,0,0,2770,1523,1722,4687,1706,13143
0,152,5,11211,157,10,3,1,0,0,0,1,0,3,0,0,0,0,0,0,0,0,0,0,0,0,0,0,0,1,1,1,8335,0,0,5140,0,0,485,15555
1,90,2,12067,134,6,3,1,1,1,0,0,1,3,2,1,1,0,0,1,1,0,0,0,0,0,0,0,0,0,0,0,2548,1193,431,0,0,1002,1538,6028
1,60,2,6818,82,5,1,1,1,1,0,0,1,1,2,1,0,0,0,1,1,0,0,0,0,0,0,0,0,0,0,0,1288,604,211,0,0,1861,1310,6035
0,144,3,11901,193,14,4,1,1,1,0,1,0,4,2,1,0,0,0,0,0,0,0,0,0,0,0,0,0,1,1,1,7428,1632,1171,4967,0,0,392,16810
0,52,2,6885,51,4,1,1,0,0,0,1,0,3,0,0,0,0,0,0,0,0,0,0,0,0,0,1,0,0,1,0,3657,0,0,1224,0,0,1338,7025
0,65,5,13798,151,6,2,1,1,1,0,1,0,4,1,2,0,0,0,0,0,0,0,0,0,0,0,0,0,1,1,1,5995,772,644,1464,0,0,1474,9005
1,34,4,11025,173,3,1,0,1,1,0,1,1,0,2,5,0,0,0,0,0,0,0,0,1,0,0,0,0,0,0,1,0,287,6588,548,0,5421,1952,16877
0,48,3,8215,87,5,1,1,1,1,0,0,0,1,3,2,0,0,0,0,0,0,0,0,0,0,0,0,1,0,1,1,525,603,488,0,0,0,239,1756
0,36,1,6954,69,4,1,1,1,0,0,1,0,4,3,0,0,0,0,0,0,0,0,0,0,0,0,0,1,0,1,1,2960,425,0,941,0,0,692,5766
1,39,3,16022,86,3,1,1,1,1,1,1,1,2,1,4,0,0,0,0,0,0,1,1,0,0,0,0,1,0,0,0,1230,258,6522,1261,843,1870,1424,14029
1,40,3,10609,31,2,1,0,1,1,1,1,0,0,2,1,1,0,0,0,0,0,0,0,0,1,0,0,0,0,0,0,0,580,471,1032,1732,0,955,4968
0,54,2,9404,18,5,1,1,0,0,0,1,1,3,0,0,0,0,0,0,0,0,0,0,0,0,1,0,0,0,1,0,2124,0,0,2138,0,3342,1809,8650
1,32,3,13951,63,2,1,0,0,1,1,0,1,0,0,3,1,0,1,0,0,0,0,0,0,0,0,0,0,0,0,0,0,0,768,0,1105,2105,1755,5686
1,97,4,9923,149,8,3,0,0,1,0,0,0,0,0,2,1,0,0,1,1,0,0,0,0,0,0,0,0,0,0,0,0,0,1067,0,0,0,1763,3064
1,49,4,23328,126,6,1,1,1,1,0,1,0,3,3,3,1,0,0,0,0,1,0,0,0,0,0,0,0,0,0,0,3185,617,3981,895,0,0,258,10064
1,49,2,11144,100,3,1,0,0,1,1,0,1,0,0,3,0,0,0,1,1,0,0,0,0,0,0,0,0,0,0,0,0,0,4901,0,1442,675,425,7857
0,68,4,10329,86,5,1,1,1,0,0,1,0,3,3,0,0,0,0,0,0,0,0,0,0,0,0,1,0,0,1,0,2449,674,0,1129,0,0,1247,5117
0,67,4,12996,70,8,1,0,1,0,0,0,0,0,3,0,0,0,0,0,0,0,0,0,0,0,0,0,1,1,0,0,0,542,0,0,0,0,1019,1332
0,36,3,15039,63,2,1,1,1,0,1,0,0,1,1,0,0,0,0,0,0,0,0,0,0,0,0,1,0,0,1,0,535,352,0,0,1188,0,724,2962
1,62,3,5133,57,6,1,1,0,1,0,0,0,3,0,2,0,0,0,1,1,0,0,0,0,0,0,0,0,0,0,0,3849,0,542,0,0,0,1064,4808
0,43,1,10362,23,3,1,1,0,1,0,1,0,2,0,4,0,0,0,0,0,0,0,0,0,0,1,0,0,0,1,0,2046,0,1825,1181,0,0,1312,6750
1,66,2,8017,77,4,2,1,1,1,0,1,0,1,2,2,1,0,0,1,1,0,0,0,0,0,0,0,0,0,0,0,603,545,2263,1134,0,0,831,4623
1,27,1,6875,24,3,1,0,1,1,0,1,1,0,1,2,1,0,0,0,0,0,0,0,0,1,0,0,0,0,0,0,0,242,877,788,0,1534,1641,4624
1,60,6,22210,144,5,1,0,0,1,0,1,1,0,0,1,1,1,0,0,0,0,1,0,0,0,0,0,0,0,0,0,0,0,388,1854,0,1559,256,4587
1,20,3,7879,77,2,1,1,1,1,1,1,0,3,3,1,0,0,0,1,1,0,0,0,0,0,0,0,0,0,0,0,1027,241,1767,657,781,0,811,5783
0,24,3,13482,88,2,1,1,0,0,0,1,1,2,0,0,0,0,0,0,0,0,0,0,0,0,0,1,0,0,1,0,1076,0,0,688,0,3451,1014,6497
1,64,2,13916,90,6,1,0,0,1,0,0,0,0,0,1,1,0,0,1,1,0,0,0,0,0,0,0,0,0,0,0,0,0,1516,0,0,0,346,1616
1,69,5,15225,133,6,2,0,0,1,0,1,0,0,0,4,1,1,0,0,0,0,1,0,0,0,0,0,0,0,0,0,0,0,1948,2538,0,0,594,5805
0,100,5,11350,181,10,3,1,1,0,0,1,1,1,2,0,0,0,0,0,0,0,0,0,0,0,0,0,0,1,1,1,1173,1289,0,3146,0,3741,1199,11241
0,84,4,10948,131,9,2,1,0,1,0,0,1,1,0,2,0,0,0,0,0,0,0,0,0,0,0,0,0,1,1,1,2011,0,3909,0,0,4426,559,11494
1,48,6,23133,144,4,1,1,0,1,0,0,1,1,0,3,1,1,0,0,0,0,1,0,0,0,0,0,0,0,0,0,454,0,1991,0,0,2387,1762,7043
0,80,1,7154,45,8,2,1,1,0,0,1,1,1,3,0,0,0,0,0,0,0,0,0,0,0,1,0,0,0,1,0,1230,676,0,1942,0,5944,272,11172
1,47,2,11068,82,5,1,0,1,1,1,1,0,0,1,1,0,0,0,1,1,0,0,0,0,0,0,0,0,0,0,0,0,441,1505,1276,1936,0,1821,6815
0,91,4,15272,131,6,1,1,0,0,1,0,1,2,0,0,0,0,0,0,0,0,0,0,0,0,0,0,0,1,1,1,3255,0,0,0,3855,2447,1321,11307
1,63,3,6129,79,5,1,0,1,1,0,1,1,0,3,3,1,0,1,0,0,0,0,0,0,0,0,0,0,0,0,0,0,397,4465,2376,0,2308,627,11611
1,46,3,11033,37,3,1,0,0,1,0,0,1,0,0,4,1,0,0,0,0,0,0,0,0,1,0,0,0,0,0,0,0,0,6951,0,0,1238,645,9816
1,70,2,5157,21,8,1,1,0,1,0,1,0,2,0,4,1,0,0,0,0,0,0,0,0,1,0,0,0,0,0,0,2341,0,3386,2087,0,0,494,8036
1,87,1,6166,45,7,3,1,1,1,0,1,0,4,3,1,1,0,0,0,0,0,0,0,0,1,0,0,0,0,0,0,4479,1006,785,2987,0,0,435,11058
1,41,2,10220,75,4,1,1,1,1,0,1,1,3,2,3,0,0,0,1,1,0,0,0,0,0,0,0,0,0,0,0,1542,235,1516,1147,0,2011,1691,7973
0,21,2,4913,4,2,1,0,0,1,1,1,0,0,0,5,0,0,0,0,0,0,0,0,0,0,0,1,0,0,0,1,0,0,6554,686,420,0,501,7026
0,64,3,12404,69,4,1,0,1,0,0,0,0,0,1,0,0,0,0,0,0,0,0,0,0,0,0,0,1,1,0,0,0,744,0,0,0,0,1054,1983
0,51,2,5747,95,4,1,1,1,1,0,1,0,4,3,5,0,0,0,0,0,0,0,0,0,0,0,0,1,0,1,1,3627,697,2852,907,0,0,685,7602
1,77,1,12570,6,7,2,1,0,1,0,1,0,3,0,1,1,0,0,0,0,0,0,0,0,1,0,0,0,0,0,0,5324,0,270,1390,0,0,1013,9037
0,48,1,5178,4,4,1,1,1,0,0,1,1,4,1,0,0,0,0,0,0,0,0,0,0,0,1,0,0,0,1,0,3188,259,0,898,0,1979,1937,7034
0,192,5,18128,103,13,4,1,1,0,0,1,1,2,3,0,0,0,0,0,0,0,0,0,0,0,0,0,0,1,1,1,7137,2626,0,5062,0,2546,1079,19373
1,31,3,9511,30,3,1,1,1,1,1,0,0,1,2,3,1,0,0,0,0,0,0,0,0,1,0,0,0,0,0,0,292,250,4405,0,652,0,1412,7999
1,28,3,7818,36,2,1,1,1,1,0,1,0,3,1,4,1,0,0,0,0,0,0,0,0,1,0,0,0,0,0,0,1603,264,7050,544,0,0,1446,12013
0,76,3,7615,56,6,1,1,0,0,0,0,0,4,0,0,0,0,0,0,0,0,0,0,0,0,0,0,1,1,0,0,5851,0,0,0,0,0,1094,7190
0,72,3,7885,65,5,1,0,1,0,0,1,0,0,1,0,0,0,0,0,0,0,0,0,0,0,0,0,1,1,0,0,0,770,0,1134,0,0,1875,3993
1,37,5,18882,139,3,1,1,1,1,0,1,0,3,3,2,0,0,0,0,0,0,0,0,1,0,0,0,0,0,0,1,1358,428,1817,1157,0,0,391,5394
1,59,4,21746,122,4,2,1,0,1,0,0,0,3,0,1,1,0,0,0,0,1,0,0,0,0,0,0,0,0,0,0,1721,0,1958,0,0,0,932,5123
0,66,4,14601,56,5,1,1,0,0,0,0,0,3,0,0,0,0,0,0,0,0,0,0,0,0,0,0,1,1,0,0,3466,0,0,0,0,0,1529,5562
1,38,3,11657,135,3,1,1,0,1,1,0,0,4,0,5,0,0,0,0,0,0,1,1,0,0,0,0,1,0,0,0,2113,0,7008,0,1490,0,1572,13271
1,46,2,14869,70,4,1,1,0,1,1,0,1,3,0,2,1,0,1,0,0,0,0,0,0,0,0,0,0,0,0,0,2934,0,832,0,1441,1525,784,7214
1,54,3,15317,51,4,1,1,1,1,0,1,1,4,2,4,1,0,0,1,1,0,0,0,0,0,0,0,0,0,0,0,4197,479,4030,1130,0,1059,609,10031
0,140,5,24446,148,10,3,1,0,0,0,0,1,4,0,0,0,0,0,0,0,0,0,0,0,0,0,0,0,1,1,1,10652,0,0,0,0,1429,1034,12642
1,71,2,5328,70,5,2,1,1,1,0,0,0,1,2,5,1,0,1,0,0,0,0,0,0,0,0,0,0,0,0,0,1191,695,1230,0,0,0,814,3788
1,49,1,8533,41,4,1,0,1,1,1,1,1,0,3,5,1,0,0,0,0,0,0,0,0,1,0,0,0,0,0,0,0,529,5802,1479,1859,5158,1492,18549
0,26,2,7436,15,2,1,1,0,0,1,1,1,4,0,0,0,0,0,0,0,0,0,0,0,0,1,0,0,0,1,0,1241,0,0,394,895,1847,638,5657
1,20,1,6695,60,2,1,1,1,1,0,1,0,3,1,5,0,0,0,1,1,0,0,0,0,0,0,0,0,0,0,0,1380,170,1912,542,0,0,662,4364
0,57,3,14078,74,4,1,1,1,0,1,1,1,1,1,0,0,0,0,0,0,0,0,0,0,0,0,1,0,0,1,0,1199,592,0,1298,1898,4722,690,10129
0,27,4,14662,64,3,1,0,1,0,0,1,0,0,2,0,0,0,0,0,0,0,0,0,0,0,0,0,1,1,0,0,0,183,0,864,0,0,526,1584
0,62,2,11468,95,7,1,1,0,0,0,1,0,4,0,0,0,0,0,0,0,0,0,0,0,0,0,1,0,0,1,0,2629,0,0,1809,0,0,661,5807
1,42,3,11471,74,4,1,1,0,1,0,0,0,3,0,3,0,0,0,0,0,0,1,1,0,0,0,0,1,0,0,0,2657,0,3571,0,0,0,278,6765
1,96,2,14358,121,6,2,1,1,1,0,0,0,4,1,4,1,0,0,1,1,0,0,0,0,0,0,0,0,0,0,0,6921,1266,7166,0,0,0,610,14584
1,42,4,19283,175,4,1,1,1,1,0,1,1,4,2,4,1,0,0,0,0,1,0,0,0,0,0,0,0,0,0,0,2547,562,7280,1001,0,2565,1604,14507
1,78,3,5306,11,6,2,1,0,1,0,1,0,3,0,2,1,0,0,0,0,0,0,0,0,1,0,0,0,0,0,0,3593,0,2803,1356,0,0,1322,8942
1,55,3,9400,73,6,1,0,1,1,0,1,0,0,1,2,1,0,1,0,0,0,0,0,0,0,0,0,0,0,0,0,0,367,3052,2011,0,0,590,5289
1,16,4,22185,156,2,1,0,0,1,1,1,0,0,0,4,1,0,0,0,0,1,0,0,0,0,0,0,0,0,0,0,0,0,5422,482,502,0,617,6793
1,62,2,11725,3,6,2,1,0,1,1,0,0,1,0,2,1,0,0,0,0,0,0,0,0,1,0,0,0,0,0,0,1019,0,3956,0,1183,0,1451,7390
1,28,4,10944,131,3,1,1,1,1,1,1,0,4,3,1,0,0,0,0,0,0,0,0,1,0,0,0,0,0,0,1,2213,333,1984,509,507,0,1503,7214
1,72,6,21102,162,4,2,0,1,1,0,1,0,0,2,1,1,1,0,0,0,0,1,0,0,0,0,0,0,0,0,0,0,417,354,2689,0,0,545,3792
0,33,2,11333,53,3,1,0,1,1,1,1,0,0,3,1,0,0,0,0,0,0,0,0,0,0,0,1,0,0,1,0,0,282,324,923,561,0,1640,3432
1,104,7,29934,116,10,2,0,1,1,0,0,0,0,3,3,1,1,0,0,0,0,1,0,0,0,0,0,0,0,0,0,0,1435,4114,0,0,0,1159,6354
0,99,5,23952,144,6,3,1,1,0,0,1,1,3,3,0,0,0,0,0,0,0,0,0,0,0,0,0,0,1,1,1,5655,1479,0,3123,0,4010,1515,15617
0,23,3,6771,80,2,1,0,0,0,0,0,0,0,0,0,0,0,0,0,0,0,0,0,0,0,0,1,0,0,1,0,0,0,0,0,0,0,1212,1378
0,30,3,7456,83,2,1,0,0,0,0,0,0,0,0,0,0,0,0,0,0,0,0,0,0,0,0,1,0,0,1,0,0,0,0,0,0,0,1442,1312
1,58,2,7125,26,4,1,0,0,1,0,0,1,0,0,2,1,0,0,0,0,0,0,0,0,1,0,0,0,0,0,0,0,0,748,0,0,3526,1561,5568
1,67,2,9155,19,6,1,0,1,1,1,1,1,0,3,2,1,0,0,0,0,0,0,0,0,1,0,0,0,0,0,0,0,867,3737,1398,1807,2185,1986,13514
0,39,1,6820,72,3,1,0,1,0,0,1,0,0,1,0,0,0,0,0,0,0,0,0,0,0,0,0,1,0,1,1,0,523,0,1092,0,0,1322,2574
1,73,1,10196,37,8,1,0,0,1,0,1,1,0,0,1,1,0,0,0,0,0,0,0,0,1,0,0,0,0,0,0,0,0,429,2602,0,1673,1475,5319
1,28,4,15614,152,2,1,1,0,1,0,1,0,2,0,3,1,0,0,0,0,1,0,0,0,0,0,0,0,0,0,0,725,0,2544,481,0,0,1886,5726
1,38,1,12406,67,3,1,0,0,1,1,0,0,0,0,2,1,0,1,0,0,0,0,0,0,0,0,0,0,0,0,0,0,0,1829,0,1079,0,1281,4208
0,187,5,16609,154,12,5,1,0,0,0,0,0,2,0,0,0,0,0,0,0,0,0,0,0,0,0,0,0,1,1,1,6153,0,0,0,0,0,1985,8995
1,65,5,25267,193,5,2,1,1,1,1,1,0,2,1,1,1,1,0,0,0,0,1,0,0,0,0,0,0,0,0,0,2984,400,1671,1593,2687,0,1762,12115
0,67,3,12469,96,5,1,0,0,0,0,1,1,0,0,0,0,0,0,0,0,0,0,0,0,0,0,1,0,0,1,0,0,0,0,1515,0,1242,925,3321
1,123,6,18675,193,12,3,0,0,1,1,1,0,0,0,1,1,1,0,0,0,0,1,0,0,0,0,0,0,0,0,0,0,0,822,4845,4210,0,1680,10282
0,107,3,16761,89,13,2,0,0,0,1,0,0,0,0,0,0,0,0,0,0,0,0,0,0,0,0,1,0,0,1,0,0,0,0,0,4567,0,1076,5822
0,98,2,16966,66,6,2,1,0,0,0,0,0,3,0,0,0,0,0,0,0,0,0,0,0,0,0,1,0,0,1,0,3417,0,0,0,0,0,1104,4383
1,21,5,23609,113,2,1,1,1,1,1,1,1,2,2,4,1,0,0,0,0,1,0,0,0,0,0,0,0,0,0,0,609,119,985,385,921,2648,1938,7450
1,33,2,16980,113,3,1,0,1,1,1,0,0,0,3,4,0,0,0,0,0,0,1,1,0,0,0,0,1,0,0,0,0,332,3964,0,599,0,1353,5715
1,42,3,22771,165,4,1,0,0,1,0,1,0,0,0,3,1,0,0,0,0,1,0,0,0,0,0,0,0,0,0,0,0,0,4111,789,0,0,310,5648
0,29,1,3817,11,3,1,1,0,0,1,0,0,1,0,0,0,0,0,0,0,0,0,0,0,0,0,1,0,0,0,1,286,0,0,0,1300,0,304,2000
1,59,4,15384,145,3,1,1,0,1,0,1,1,4,0,4,1,0,0,0,0,1,0,0,0,0,0,0,0,0,0,0,2970,0,1824,1064,0,1909,381,8617
0,35,4,14909,91,3,1,1,0,0,0,1,0,4,0,0,0,0,0,0,0,0,0,0,0,0,0,1,0,0,1,0,2329,0,0,1397,0,0,1665,5577
0,23,2,6110,49,2,1,1,0,0,0,1,0,1,0,0,0,0,0,0,0,0,0,0,0,0,0,1,0,0,0,1,422,0,0,648,0,0,966,1810
0,182,5,10753,108,15,4,1,0,0,0,1,0,3,0,0,0,0,0,0,0,0,0,0,0,0,0,0,0,1,1,1,8597,0,0,3615,0,0,861,12736
1,60,3,10420,96,5,1,1,0,1,0,0,0,1,0,1,0,0,0,1,1,0,0,0,0,0,0,0,0,0,0,0,1200,0,1584,0,0,0,219,2927
1,42,4,16123,71,4,1,1,1,1,0,1,1,4,2,2,0,0,0,0,0,0,1,1,0,0,0,0,1,0,0,0,1560,319,3137,773,0,1302,587,6554
0,21,3,7694,28,2,1,1,1,0,0,1,0,1,1,0,0,0,0,0,0,0,0,0,0,0,0,1,0,0,0,1,496,273,0,818,0,0,1078,2352
0,52,3,12474,71,4,2,0,0,0,0,1,0,0,0,0,0,0,0,0,0,0,0,0,0,0,0,1,0,0,1,0,0,0,0,1370,0,0,1719,2716
0,49,4,6868,56,4,1,1,0,0,0,1,0,1,0,0,0,0,0,0,0,0,0,0,0,0,0,0,1,1,0,0,551,0,0,1132,0,0,1527,3186
1,37,4,10301,141,2,1,1,1,1,1,0,1,2,3,3,0,0,0,0,0,0,1,1,0,0,0,0,1,0,0,0,1103,354,4839,0,1545,1933,1616,10759
0,153,3,20375,186,17,3,0,1,0,0,0,1,0,3,0,0,0,0,0,0,0,0,0,0,0,0,0,0,1,1,1,0,1434,0,0,0,882,1713,3471
0,185,5,18328,199,18,3,1,0,1,0,0,0,4,0,4,0,0,0,0,0,0,0,0,0,0,0,0,0,1,1,1,11782,0,5387,0,0,0,1386,20754
1,87,2,11518,21,7,2,0,1,1,0,0,0,0,3,5,1,0,0,0,0,0,0,0,0,1,0,0,0,0,0,0,0,969,1599,0,0,0,1133,3312
0,48,2,6645,63,4,1,1,0,0,0,0,0,3,0,0,0,0,0,0,0,0,0,0,0,0,0,0,1,0,1,1,2402,0,0,0,0,0,1424,3299
1,21,2,9606,80,2,1,0,0,1,0,0,0,0,0,5,0,0,0,1,1,0,0,0,0,0,0,0,0,0,0,0,0,0,7446,0,0,0,329,6774
1,18,1,8120,59,2,1,1,1,1,0,0,0,2,1,3,0,0,0,1,1,0,0,0,0,0,0,0,0,0,0,0,840,222,2507,0,0,0,733,4108
1,41,3,15876,157,4,1,0,0,1,0,0,0,0,0,2,0,0,0,0,0,0,0,0,1,0,0,0,0,0,0,1,0,0,2780,0,0,0,533,2989
0,25,2,11251,74,2,1,0,1,0,1,1,0,0,2,0,0,0,0,0,0,0,0,0,0,0,0,1,0,0,1,0,0,290,0,852,573,0,237,1707
1,117,2,14640,34,10,2,0,1,1,0,0,1,0,1,5,1,0,0,0,0,0,0,0,0,1,0,0,0,0,0,0,0,930,7923,0,0,1436,887,10189
0,40,2,15020,67,3,1,1,0,1,0,0,1,3,0,5,0,0,0,0,0,0,0,0,0,0,0,1,0,0,1,0,2187,0,7971,0,0,1465,1154,11021
0,78,4,14382,85,6,2,0,1,1,1,1,0,0,2,5,0,0,0,0,0,0,0,0,0,0,0,1,0,0,1,0,0,1012,3635,3080,2578,0,1248,12412
0,103,2,13724,64,9,2,1,1,1,0,1,0,1,1,3,0,0,0,0,0,0,0,0,0,0,0,1,0,0,1,0,1941,646,2426,3934,0,0,604,9184
0,28,2,4997,2,2,1,0,0,0,0,1,0,0,0,0,0,0,0,0,0,0,0,0,0,0,0,1,0,0,0,1,0,0,0,727,0,0,1303,2299
0,34,4,12975,52,2,1,1,0,0,1,0,0,1,0,0,0,0,0,0,0,0,0,0,0,0,0,0,1,1,0,0,367,0,0,0,711,0,1796,2999
1,46,3,18982,130,4,1,1,1,1,0,0,0,4,3,1,1,0,0,1,1,0,0,0,0,0,0,0,0,0,0,0,3908,626,1723,0,0,0,1854,7508
1,48,3,17523,191,3,1,1,1,1,0,1,0,2,2,4,1,0,0,0,0,1,0,0,0,0,0,0,0,0,0,0,1527,644,6045,1651,0,0,1381,10159
0,79,4,14626,77,6,3,1,1,1,0,1,0,1,3,1,0,0,0,0,0,0,0,0,0,0,0,1,0,0,1,0,1877,1135,277,1510,0,0,437,5590
0,69,2,9748,100,5,1,1,0,0,0,0,0,2,0,0,0,0,0,0,0,0,0,0,0,0,0,0,1,1,0,0,1683,0,0,0,0,0,1110,3078
1,47,5,23054,169,3,1,1,0,1,0,0,0,3,0,1,1,0,0,0,0,1,0,0,0,0,0,0,0,0,0,0,2415,0,1262,0,0,0,1115,4500
1,40,3,10684,100,2,1,1,1,1,1,0,0,2,2,5,1,0,0,0,0,1,0,0,0,0,0,0,0,0,0,0,1546,549,6726,0,1513,0,488,10697
1,15,4,13014,128,2,1,1,0,1,0,1,0,4,0,5,1,0,0,0,0,1,0,0,0,0,0,0,0,0,0,0,762,0,7538,596,0,0,378,8999
1,85,3,19004,58,7,3,1,0,1,0,1,0,2,0,1,1,0,0,1,1,0,0,0,0,0,0,0,0,0,0,0,2050,0,1199,2832,0,0,1308,6697
0,41,2,8170,70,2,1,1,0,0,1,1,0,4,0,0,0,0,0,0,0,0,0,0,0,0,0,1,0,0,1,0,3404,0,0,1183,621,0,1569,5832
1,56,2,13131,81,5,1,0,1,1,0,1,0,0,2,4,0,0,0,0,0,0,1,1,0,0,0,0,1,0,0,0,0,393,7698,1355,0,0,788,9156
0,23,2,5502,31,2,1,1,1,1,0,0,1,1,3,1,0,0,0,0,0,0,0,0,0,0,0,1,0,0,0,1,509,344,862,0,0,1172,1499,4894
1,111,7,27602,175,10,4,1,0,1,0,1,0,3,0,4,1,1,0,0,0,0,1,0,0,0,0,0,0,0,0,0,4952,0,3770,3595,0,0,205,12971
1,61,2,7193,29,6,1,1,1,1,1,0,0,2,3,2,1,0,0,0,0,0,0,0,0,1,0,0,0,0,0,0,2551,361,2517,0,1795,0,1356,7459
0,34,2,4467,36,3,1,0,0,1,0,1,1,0,0,2,0,0,0,0,0,0,0,0,0,0,0,1,0,0,0,1,0,0,2421,986,0,1405,1417,6798
1,22,4,16358,160,2,1,1,0,1,1,0,0,3,0,3,0,0,0,0,0,0,0,0,1,0,0,0,0,0,0,1,1410,0,3290,0,380,0,305,5117
1,58,4,14201,96,6,1,1,0,1,1,1,0,3,0,4,0,0,0,0,0,0,1,1,0,0,0,0,1,0,0,0,3413,0,6478,1620,1635,0,465,12909
1,51,1,9111,8,3,1,1,0,1,0,1,1,1,0,2,1,0,0,0,0,0,0,0,0,1,0,0,0,0,0,0,526,0,1194,1527,0,3206,1997,9547
0,43,1,8944,93,2,1,1,1,0,1,1,0,2,1,0,0,0,0,0,0,0,0,0,0,0,0,0,1,0,1,1,1317,488,0,1489,797,0,937,5540
1,43,2,5916,60,3,1,1,1,1,0,0,0,3,1,2,1,0,1,0,0,0,0,0,0,0,0,0,0,0,0,0,2267,467,1064,0,0,0,852,4419
0,13,3,6945,10,2,1,1,0,0,1,0,1,3,0,0,0,0,0,0,0,0,0,0,0,0,0,1,0,0,0,1,365,0,0,0,519,1819,1132,3603
1,95,3,14196,99,9,3,1,0,1,0,0,0,1,0,2,1,0,0,1,1,0,0,0,0,0,0,0,0,0,0,0,1224,0,1946,0,0,0,1770,5446
1,35,1,11421,34,3,1,1,1,1,0,0,0,4,3,4,1,0,0,0,0,0,0,0,0,1,0,0,0,0,0,0,2945,335,4277,0,0,0,440,6990
0,63,2,13680,77,5,1,1,0,0,0,0,0,1,0,0,0,0,0,0,0,0,0,0,0,0,0,0,1,1,0,0,1036,0,0,0,0,0,986,2161
0,164,4,14170,161,14,6,1,0,0,1,0,0,1,0,0,0,0,0,0,0,0,0,0,0,0,0,0,0,1,1,1,1866,0,0,0,5462,0,443,8357
1,118,7,25724,126,9,3,1,1,1,0,1,0,4,3,3,1,1,0,0,0,0,1,0,0,0,0,0,0,0,0,0,11020,671,908,2602,0,0,671,14667
0,92,3,11184,13,6,2,0,1,0,0,1,1,0,2,0,0,0,0,0,0,0,0,0,0,0,1,0,0,0,1,0,0,689,0,2005,0,4917,1009,9335
0,35,3,9951,97,3,1,0,0,1,0,0,0,0,0,5,0,0,0,0,0,0,0,0,0,0,0,1,0,0,1,0,0,0,5388,0,0,0,260,4906
1,74,2,11375,90,9,1,1,1,1,0,1,1,2,2,1,1,0,1,0,0,0,0,0,0,0,0,0,0,0,0,0,1641,763,939,1752,0,5549,239,11417
1,77,3,11564,89,6,1,0,1,1,0,1,0,0,1,2,1,0,1,0,0,0,0,0,0,0,0,0,0,0,0,0,0,816,3772,1255,0,0,953,6307
0,63,3,5550,100,5,1,1,1,1,1,1,0,4,2,4,0,0,0,0,0,0,0,0,0,0,0,1,0,0,1,0,5977,476,5510,1257,2013,0,1035,18571
0,84,3,16482,50,9,3,1,0,0,0,1,0,2,0,0,0,0,0,0,0,0,0,0,0,0,0,1,0,0,1,0,2392,0,0,1499,0,0,472,4003
1,21,5,16618,173,2,1,1,0,1,0,1,1,1,0,5,0,0,0,0,0,0,0,0,1,0,0,0,0,0,0,1,456,0,6051,589,0,1344,1748,10869
0,30,3,8089,36,2,1,1,1,0,0,0,0,4,1,0,0,0,0,0,0,0,0,0,0,0,1,0,0,0,1,0,2354,313,0,0,0,0,347,2976
0,61,1,8134,40,5,1,0,0,0,0,1,0,0,0,0,0,0,0,0,0,0,0,0,0,0,1,0,0,0,1,0,0,0,0,1167,0,0,1902,3391
0,75,2,7353,5,5,1,0,1,0,1,1,1,0,3,0,0,0,0,0,0,0,0,0,0,0,1,0,0,0,1,0,0,721,0,1897,2589,2636,312,8185
1,59,3,16175,144,5,1,0,0,1,1,1,1,0,0,5,0,0,0,0,0,0,1,1,0,0,0,0,1,0,0,0,0,0,5133,961,2276,1604,665,9568
1,29,3,11964,110,2,1,1,0,1,0,0,1,3,0,4,1,0,0,0,0,1,0,0,0,0,0,0,0,0,0,0,1770,0,4539,0,0,2421,1780,11706
0,90,3,6498,48,7,2,1,0,1,0,1,0,3,0,4,0,0,0,0,0,0,0,0,0,0,1,0,0,0,1,0,3397,0,4048,3566,0,0,1589,10812
1,20,4,9972,139,2,1,1,1,1,1,1,1,3,1,5,0,0,0,0,0,0,1,1,0,0,0,0,1,0,0,0,957,281,5848,548,363,2970,1679,12192
1,99,2,12722,39,7,2,1,1,1,0,0,1,4,2,4,1,0,0,0,0,0,0,0,0,1,0,0,0,0,0,0,9292,696,4567,0,0,930,1627,17510
1,43,4,23339,112,3,1,1,1,1,0,1,0,2,2,1,1,0,0,0,0,1,0,0,0,0,0,0,0,0,0,0,1803,385,1847,1218,0,0,484,6074
1,59,4,16185,67,4,1,1,1,1,0,1,1,2,1,2,0,0,0,0,0,0,1,1,0,0,0,0,1,0,0,0,1622,800,3662,1293,0,3950,453,10726
1,34,1,8685,47,2,1,1,0,1,0,1,1,1,0,3,1,0,0,0,0,0,0,0,0,1,0,0,0,0,0,0,761,0,4133,639,0,3481,1307,9031
1,45,4,14663,145,3,1,1,0,1,0,1,0,4,0,2,0,0,0,0,0,0,0,0,1,0,0,0,0,0,0,1,3789,0,2218,1763,0,0,951,9987
1,52,3,14911,130,3,1,1,1,1,0,0,0,4,2,4,0,0,0,0,0,0,1,1,0,0,0,0,1,0,0,0,3852,346,7149,0,0,0,969,11068
0,20,4,11782,60,2,1,1,1,1,0,0,1,4,1,1,0,0,0,0,0,0,0,0,0,0,0,0,1,1,0,0,1391,205,1494,0,0,1835,342,5632
1,35,1,5215,49,2,1,0,1,1,0,1,0,0,2,3,1,0,0,0,0,0,0,0,0,1,0,0,0,0,0,0,0,475,5022,998,0,0,1478,7528
1,72,2,9655,28,7,2,1,1,1,1,1,0,4,2,5,1,0,0,0,0,0,0,0,0,1,0,0,0,0,0,0,6141,690,4220,1969,2869,0,803,15058
0,78,3,6106,44,7,1,1,0,0,0,1,0,3,0,0,0,0,0,0,0,0,0,0,0,0,1,0,0,0,1,0,5005,0,0,1366,0,0,631,6249
0,40,4,13841,64,4,1,1,1,1,1,1,0,2,2,3,0,0,0,0,0,0,0,0,0,0,0,0,1,1,0,0,1260,499,4116,1220,1022,0,1714,9746
1,88,1,10634,31,5,2,1,1,1,0,1,1,3,1,4,1,0,0,0,0,0,0,0,0,1,0,0,0,0,0,0,4887,551,5668,2035,0,4588,325,16293
0,178,5,14094,120,12,4,1,1,0,0,0,0,3,2,0,0,0,0,0,0,0,0,0,0,0,0,0,0,1,1,1,6625,2379,0,0,0,0,702,10122
0,77,3,6540,4,7,2,1,0,0,0,0,1,1,0,0,0,0,0,0,0,0,0,0,0,0,1,0,0,0,1,0,1285,0,0,0,0,957,582,2428
1,38,1,8046,56,3,1,1,1,1,1,1,1,2,2,4,1,0,1,0,0,0,0,0,0,0,0,0,0,0,0,0,1428,546,7072,1297,1468,2994,668,17363
1,67,2,8798,44,8,1,1,0,1,1,1,1,4,0,2,1,0,0,0,0,0,0,0,0,1,0,0,0,0,0,0,4664,0,799,1753,1930,1796,1183,11689
0,98,3,11785,0,10,2,0,1,0,1,0,1,0,3,0,0,0,0,0,0,0,0,0,0,0,1,0,0,0,1,0,0,598,0,0,2712,563,1531,6081
1,23,5,16375,187,2,1,1,0,1,0,1,1,4,0,3,0,0,0,0,0,0,0,0,1,0,0,0,0,0,0,1,2012,0,2177,868,0,1630,1648,7129
0,77,2,8568,57,7,1,1,1,0,0,1,1,1,3,0,0,0,0,0,0,0,0,0,0,0,0,0,1,1,0,0,1532,619,0,2751,0,2766,1770,8341
1,69,2,8042,49,7,2,1,1,1,0,0,0,1,1,3,1,0,0,0,0,0,0,0,0,1,0,0,0,0,0,0,1180,411,1906,0,0,0,222,3684
1,28,3,12061,162,2,1,0,0,1,0,0,0,0,0,2,1,0,0,0,0,1,0,0,0,0,0,0,0,0,0,0,0,0,2554,0,0,0,735,3091
1,129,7,20868,192,12,3,0,1,1,0,1,0,0,1,5,1,1,0,0,0,0,1,0,0,0,0,0,0,0,0,0,0,707,9126,4683,0,0,1402,16363
1,64,3,13303,143,4,1,0,0,1,0,1,0,0,0,4,0,0,0,0,0,0,1,1,0,0,0,0,1,0,0,0,0,0,2134,1086,0,0,631,4191
0,22,3,13873,73,2,1,0,0,0,0,0,1,0,0,0,0,0,0,0,0,0,0,0,0,0,0,1,0,0,1,0,0,0,0,0,0,4122,1991,6765
1,76,2,6037,42,5,2,1,1,1,0,0,1,3,1,1,1,0,0,0,0,0,0,0,0,1,0,0,0,0,0,0,2269,1011,1278,0,0,2017,368,7796
1,75,2,10126,72,9,2,1,1,1,1,0,1,4,3,5,1,0,0,1,1,0,0,0,0,0,0,0,0,0,0,0,6431,1034,6145,0,2289,3436,770,19710
0,83,1,8001,14,9,3,0,1,0,0,1,0,0,1,0,0,0,0,0,0,0,0,0,0,0,1,0,0,0,1,0,0,914,0,3096,0,0,998,5168
0,57,4,11046,100,7,1,1,1,1,0,0,0,1,1,2,0,0,0,0,0,0,0,0,0,0,0,0,1,1,0,0,1018,685,1254,0,0,0,1122,3594
0,64,3,11164,83,5,1,1,1,0,0,1,0,3,3,0,0,0,0,0,0,0,0,0,0,0,0,1,0,0,1,0,3132,737,0,2480,0,0,1281,8187
0,31,3,3852,10,3,1,1,1,1,0,1,1,3,3,3,0,0,0,0,0,0,0,0,0,0,0,1,0,0,0,1,1721,176,1973,745,0,2417,282,6524
0,91,5,23535,192,7,2,1,0,0,0,0,1,4,0,0,0,0,0,0,0,0,0,0,0,0,0,0,0,1,1,1,8580,0,0,0,0,1994,1067,10579
0,84,2,8567,68,10,2,1,0,1,0,1,1,3,0,5,0,0,0,0,0,0,0,0,0,0,0,1,0,0,1,0,3328,0,2862,2344,0,1524,213,9405
1,16,3,10618,158,2,1,1,1,1,0,1,0,1,3,4,1,0,0,0,0,1,0,0,0,0,0,0,0,0,0,0,169,134,6578,468,0,0,1122,7946
1,47,3,15319,161,4,1,0,0,1,0,0,0,0,0,3,0,0,0,0,0,0,0,0,1,0,0,0,0,0,0,1,0,0,2743,0,0,0,356,3207
1,26,3,6285,99,3,1,1,0,1,0,0,1,2,0,5,1,0,1,0,0,0,0,0,0,0,0,0,0,0,0,0,737,0,5566,0,0,1811,1088,9760
0,119,2,12993,83,14,3,1,1,0,1,1,0,4,2,0,0,0,0,0,0,0,0,0,0,0,0,1,0,0,1,0,5222,921,0,2958,3290,0,939,14960
1,78,3,15076,87,5,2,1,1,1,0,1,1,1,2,5,1,0,0,1,1,0,0,0,0,0,0,0,0,0,0,0,1413,631,8414,3032,0,3463,202,17856
1,17,4,17879,171,2,1,1,0,1,0,0,0,2,0,1,1,0,0,0,0,1,0,0,0,0,0,0,0,0,0,0,437,0,307,0,0,0,1286,2143
0,33,3,7649,43,3,1,1,1,0,0,1,1,3,1,0,0,0,0,0,0,0,0,0,0,0,1,0,0,0,1,0,1461,315,0,799,0,1363,954,5260
0,15,2,6608,2,2,1,1,1,0,1,0,1,2,2,0,0,0,0,0,0,0,0,0,0,0,0,1,0,0,0,1,306,128,0,0,648,1502,1421,3839
0,41,1,7499,78,2,1,1,0,1,0,0,0,2,0,1,0,0,0,0,0,0,0,0,0,0,0,0,1,0,1,1,750,0,1344,0,0,0,1843,4069
0,108,2,12185,60,13,3,1,0,1,0,0,1,3,0,3,0,0,0,0,0,0,0,0,0,0,0,1,0,0,1,0,6434,0,1251,0,0,1853,319,9957
1,57,6,29211,183,4,1,0,0,1,0,0,0,0,0,5,1,1,0,0,0,0,1,0,0,0,0,0,0,0,0,0,0,0,1105,0,0,0,959,1937
1,61,3,11258,114,4,1,0,1,1,1,1,1,0,2,2,1,0,0,1,1,0,0,0,0,0,0,0,0,0,0,0,0,657,557,1102,1937,1014,1512,7088
0,70,3,10822,90,5,2,0,0,1,1,1,1,0,0,1,0,0,0,0,0,0,0,0,0,0,0,0,1,1,0,0,0,0,1446,1802,2463,2739,751,9998
0,58,2,6242,21,4,1,1,0,0,0,0,0,4,0,0,0,0,0,0,0,0,0,0,0,0,1,0,0,0,1,0,4866,0,0,0,0,0,1680,7248
1,112,2,11987,19,8,2,1,1,1,1,1,0,2,2,5,1,0,0,0,0,0,0,0,0,1,0,0,0,0,0,0,3464,917,6239,2719,3699,0,1470,19554
1,31,5,24893,198,3,1,0,0,1,0,1,0,0,0,1,1,0,0,0,0,1,0,0,0,0,0,0,0,0,0,0,0,0,500,798,0,0,456,1959
1,35,3,10384,143,4,1,1,0,1,0,1,0,3,0,2,0,0,0,0,0,0,1,1,0,0,0,0,1,0,0,0,1188,0,491,1090,0,0,1346,3918
1,15,3,12155,123,2,1,0,0,1,0,0,0,0,0,2,0,0,0,0,0,0,0,0,1,0,0,0,0,0,0,1,0,0,1874,0,0,0,760,2773
1,112,6,16302,188,7,3,1,0,1,0,1,0,4,0,4,1,1,0,0,0,0,1,0,0,0,0,0,0,0,0,0,6482,0,2368,4446,0,0,1017,15121
1,21,4,13166,128,2,1,0,1,1,0,1,0,0,1,2,1,0,0,0,0,1,0,0,0,0,0,0,0,0,0,0,0,206,499,580,0,0,1935,3108
1,27,3,15197,128,2,1,1,1,1,1,1,1,4,3,3,1,0,0,1,1,0,0,0,0,0,0,0,0,0,0,0,1022,239,1464,420,1017,2375,720,8128
1,26,1,12399,79,3,1,1,1,1,0,1,0,1,1,3,1,0,1,0,0,0,0,0,0,0,0,0,0,0,0,0,606,211,5397,781,0,0,1688,9943
0,23,3,5494,49,2,1,1,1,0,0,0,0,4,1,0,0,0,0,0,0,0,0,0,0,0,0,1,0,0,0,1,2154,204,0,0,0,0,893,3095
1,45,2,11379,87,4,1,1,1,1,1,1,0,2,2,1,0,0,0,1,1,0,0,0,0,0,0,0,0,0,0,0,1018,474,1175,1532,1800,0,992,6576
0,44,2,10666,41,4,1,0,1,0,0,1,0,0,3,0,0,0,0,0,0,0,0,0,0,0,1,0,0,0,1,0,0,305,0,723,0,0,816,1716
1,68,4,17016,98,8,1,1,1,1,0,0,1,2,1,1,0,0,0,0,0,0,1,1,0,0,0,0,1,0,0,0,2361,576,1244,0,0,1417,999,6846
0,49,3,12311,68,4,1,0,0,1,0,1,0,0,0,4,0,0,0,0,0,0,0,0,0,0,0,1,0,0,1,0,0,0,3692,1952,0,0,1784,7702
1,108,7,18897,127,7,2,1,1,1,0,1,0,2,1,2,1,1,0,0,0,0,1,0,0,0,0,0,0,0,0,0,3954,757,1822,1726,0,0,1055,9434
1,25,3,20703,144,3,1,0,0,1,0,1,0,0,0,1,1,0,0,0,0,1,0,0,0,0,0,0,0,0,0,0,0,0,1935,943,0,0,1499,4420
1,63,3,6460,60,5,1,1,0,1,0,1,0,3,0,1,0,0,0,1,1,0,0,0,0,0,0,0,0,0,0,0,2071,0,1622,1141,0,0,1629,6028
1,90,3,13289,97,6,3,0,0,1,1,1,1,0,0,3,1,0,0,1,1,0,0,0,0,0,0,0,0,0,0,0,0,0,5697,1684,2599,3942,1070,16627
0,138,4,21400,126,17,4,1,0,0,1,0,0,3,0,0,0,0,0,0,0,0,0,0,0,0,0,0,0,1,1,1,6056,0,0,0,3253,0,565,10649
0,107,4,14254,167,8,3,1,1,0,0,0,0,2,3,0,0,0,0,0,0,0,0,0,0,0,0,0,0,1,1,1,3567,1061,0,0,0,0,1239,6510
0,78,3,5025,57,9,2,1,1,0,0,0,0,3,2,0,0,0,0,0,0,0,0,0,0,0,0,1,0,0,1,0,3536,1035,0,0,0,0,1576,6282
1,48,3,13296,188,4,1,0,1,1,0,1,1,0,3,3,0,0,0,0,0,0,0,0,1,0,0,0,0,0,0,1,0,336,1190,1744,0,2317,1724,8173
0,35,2,10877,62,2,1,0,1,0,1,1,1,0,2,0,0,0,0,0,0,0,0,0,0,0,0,1,0,0,1,0,0,484,0,917,1060,4319,1867,7399
0,36,3,8391,97,4,1,1,0,0,0,1,0,3,0,0,0,0,0,0,0,0,0,0,0,0,0,0,1,0,1,1,2086,0,0,1190,0,0,1446,4204
1,47,3,12595,53,3,1,1,0,1,0,1,0,3,0,3,1,0,0,1,1,0,0,0,0,0,0,0,0,0,0,0,2027,0,4943,1032,0,0,579,9758
1,20,2,11780,55,2,1,1,0,1,0,1,1,3,0,1,1,0,1,0,0,0,0,0,0,0,0,0,0,0,0,0,1438,0,1418,714,0,941,225,5073
1,87,4,16290,53,5,2,1,1,1,0,0,1,3,1,1,1,0,0,1,1,0,0,0,0,0,0,0,0,0,0,0,5247,559,1556,0,0,4960,1385,14801
1,53,4,21871,104,3,1,0,0,1,1,0,0,0,0,5,1,0,0,0,0,1,0,0,0,0,0,0,0,0,0,0,0,0,6522,0,935,0,1077,7452
1,55,3,15649,55,6,1,0,0,1,1,0,0,0,0,2,1,0,0,1,1,0,0,0,0,0,0,0,0,0,0,0,0,0,1865,0,933,0,827,3201
0,51,2,6577,68,4,1,1,1,1,1,1,1,1,1,5,0,0,0,0,0,0,0,0,0,0,0,0,1,0,1,1,1183,291,9596,1431,1223,1230,1101,17473
0,46,2,6159,95,3,1,1,1,0,0,1,1,4,3,0,0,0,0,0,0,0,0,0,0,0,0,0,1,0,1,1,1794,263,0,1153,0,942,618,4456
1,59,3,5440,55,4,1,1,0,1,0,0,0,3,0,3,0,0,0,1,1,0,0,0,0,0,0,0,0,0,0,0,4060,0,2787,0,0,0,1830,8212
0,36,2,9370,55,2,1,1,0,0,0,1,0,4,0,0,0,0,0,0,0,0,0,0,0,0,0,0,1,0,1,1,1784,0,0,1116,0,0,1962,5012
1,46,2,6833,9,3,1,1,0,1,0,0,0,4,0,4,1,0,0,0,0,0,0,0,0,1,0,0,0,0,0,0,3443,0,1685,0,0,0,1799,6933
1,93,5,22787,114,7,2,1,1,1,0,0,1,1,2,1,1,1,0,0,0,0,1,0,0,0,0,0,0,0,0,0,1654,1046,329,0,0,3047,635,7141
1,86,3,16728,109,6,2,1,0,1,0,0,1,3,0,2,1,0,0,1,1,0,0,0,0,0,0,0,0,0,0,0,5433,0,2389,0,0,3840,457,13120
0,90,5,19293,200,6,2,1,1,0,0,0,0,1,3,0,0,0,0,0,0,0,0,0,0,0,0,0,0,1,1,1,1480,705,0,0,0,0,440,2727
0,14,2,7547,6,2,1,1,1,0,0,1,0,3,2,0,0,0,0,0,0,0,0,0,0,0,0,1,0,0,0,1,849,114,0,210,0,0,1120,1981
1,36,1,8565,58,4,1,1,1,1,0,1,0,2,1,3,1,0,1,0,0,0,0,0,0,0,0,0,0,0,0,0,1411,202,5132,543,0,0,644,8505
0,38,3,12122,95,2,1,1,0,0,0,0,1,1,0,0,0,0,0,0,0,0,0,0,0,0,0,1,0,0,1,0,400,0,0,0,0,1040,686,2344
0,38,2,9623,51,3,1,0,1,0,0,1,0,0,3,0,0,0,0,0,0,0,0,0,0,0,0,0,1,1,0,0,0,489,0,1417,0,0,980,3240
1,37,4,10278,74,2,1,0,1,1,0,0,1,0,1,1,0,0,0,0,0,0,1,1,0,0,0,0,1,0,0,0,0,541,360,0,0,1530,1088,3400
1,65,3,6112,5,6,1,0,0,1,0,0,0,0,0,5,1,0,0,0,0,0,0,0,0,1,0,0,0,0,0,0,0,0,7334,0,0,0,207,6787
1,54,4,16346,104,3,1,1,1,1,0,1,0,2,3,5,0,0,0,0,0,0,1,1,0,0,0,0,1,0,0,0,2051,791,7849,2093,0,0,1464,13384
0,32,3,9474,36,2,1,0,0,0,1,1,0,0,0,0,0,0,0,0,0,0,0,0,0,0,1,0,0,0,1,0,0,0,0,1105,1098,0,286,2384
1,58,4,17617,166,6,1,0,1,1,0,0,0,0,1,5,1,0,0,0,0,1,0,0,0,0,0,0,0,0,0,0,0,580,4894,0,0,0,1023,5929
0,42,2,10628,84,5,1,1,0,0,0,1,0,3,0,0,0,0,0,0,0,0,0,0,0,0,0,1,0,0,1,0,1832,0,0,684,0,0,1581,3994
0,69,3,5578,94,5,1,0,1,0,0,1,0,0,2,0,0,0,0,0,0,0,0,0,0,0,0,1,0,0,1,0,0,931,0,1400,0,0,1383,3683
1,145,6,22942,110,14,3,1,0,1,0,0,1,3,0,1,1,1,0,0,0,0,1,0,0,0,0,0,0,0,0,0,5322,0,1420,0,0,4234,731,10430
1,51,2,9847,97,5,1,1,0,1,0,0,0,1,0,3,0,0,0,1,1,0,0,0,0,0,0,0,0,0,0,0,1024,0,2304,0,0,0,1360,4540
1,78,3,17757,69,5,1,0,0,1,1,1,0,0,0,2,1,0,0,1,1,0,0,0,0,0,0,0,0,0,0,0,0,0,1117,2905,1842,0,862,5834
0,26,2,9331,98,2,1,1,1,0,0,0,0,4,3,0,0,0,0,0,0,0,0,0,0,0,0,0,1,1,0,0,1740,199,0,0,0,0,1703,3111
0,64,4,12302,59,4,2,1,0,0,0,1,0,1,0,0,0,0,0,0,0,0,0,0,0,0,0,1,0,0,1,0,899,0,0,990,0,0,423,2252
0,49,4,9466,71,4,1,0,1,0,0,0,1,0,3,0,0,0,0,0,0,0,0,0,0,0,0,0,1,1,0,0,0,443,0,0,0,3889,1271,4779
1,29,4,12947,140,3,1,1,1,1,0,1,0,3,1,3,0,0,0,0,0,0,0,0,1,0,0,0,0,0,0,1,2040,295,4258,661,0,0,1593,9571
0,64,2,5278,1,7,2,0,0,0,0,0,0,0,0,0,0,0,0,0,0,0,0,0,0,0,1,0,0,0,1,0,0,0,0,0,0,0,1956,1736
1,18,1,9953,58,2,1,0,0,1,0,1,1,0,0,2,0,0,0,1,1,0,0,0,0,0,0,0,0,0,0,0,0,0,3172,633,0,1360,678,4997
0,37,4,6240,90,2,1,0,0,0,0,1,0,0,0,0,0,0,0,0,0,0,0,0,0,0,0,1,0,0,1,0,0,0,0,1270,0,0,1132,2292
0,52,1,8135,24,4,2,1,0,1,1,0,1,4,0,2,0,0,0,0,0,0,0,0,0,0,1,0,0,0,1,0,1876,0,1479,0,1788,5883,1724,10927
1,83,1,6178,34,5,2,1,1,1,0,1,1,1,3,3,1,0,0,0,0,0,0,0,0,1,0,0,0,0,0,0,1722,1062,3073,2070,0,1908,318,9325
1,69,7,17438,183,8,2,1,1,1,0,0,0,4,2,4,1,1,0,0,0,0,1,0,0,0,0,0,0,0,0,0,4488,860,4211,0,0,0,304,11217
0,114,2,16849,64,14,3,0,0,0,0,0,1,0,0,0,0,0,0,0,0,0,0,0,0,0,0,1,0,0,1,0,0,0,0,0,0,5033,1984,7110
0,77,4,5904,90,8,2,1,0,1,0,0,0,2,0,5,0,0,0,0,0,0,0,0,0,0,0,1,0,0,1,0,1560,0,4291,0,0,0,605,5866
1,28,3,8129,69,2,1,1,1,1,1,0,0,2,1,2,1,0,1,0,0,0,0,0,0,0,0,0,0,0,0,0,1026,358,2481,0,543,0,1660,6315
1,86,6,23015,149,9,1,1,1,1,0,0,0,1,1,3,1,1,0,0,0,0,1,0,0,0,0,0,0,0,0,0,1643,653,2464,0,0,0,1851,6195
1,48,2,5701,75,5,1,0,0,1,0,0,0,0,0,2,1,0,1,0,0,0,0,0,0,0,0,0,0,0,0,0,0,0,3604,0,0,0,1473,4410
1,43,1,5604,47,4,1,1,1,1,0,1,0,2,1,2,1,0,0,0,0,0,0,0,0,1,0,0,0,0,0,0,784,486,2011,789,0,0,1924,6047
1,34,2,6594,79,3,1,1,0,1,1,1,0,1,0,2,1,0,1,0,0,0,0,0,0,0,0,0,0,0,0,0,561,0,2846,574,790,0,1652,6345
0,131,4,23295,194,9,3,1,0,0,0,0,1,1,0,0,0,0,0,0,0,0,0,0,0,0,0,0,0,1,1,1,2029,0,0,0,0,1697,498,4154
1,28,3,9035,65,2,1,0,1,1,0,1,1,0,3,1,0,0,0,0,0,0,1,1,0,0,0,0,1,0,0,0,0,153,1718,1106,0,1689,1736,5906
1,67,3,11370,60,8,1,1,1,1,0,0,0,3,2,4,0,0,0,1,1,0,0,0,0,0,0,0,0,0,0,0,2402,972,7962,0,0,0,1481,14667
1,40,4,12344,181,3,1,1,1,1,1,0,0,4,3,1,1,0,0,0,0,1,0,0,0,0,0,0,0,0,0,0,2062,374,1268,0,687,0,1320,6535
0,31,3,11861,50,2,1,1,0,1,0,0,0,2,0,4,0,0,0,0,0,0,0,0,0,0,0,1,0,0,1,0,1295,0,7336,0,0,0,1898,11982
1,32,4,10869,124,3,1,1,0,1,0,1,1,1,0,1,0,0,0,0,0,0,0,0,1,0,0,0,0,0,0,1,757,0,1563,609,0,3646,1492,7455
0,58,3,8433,77,4,1,1,0,0,1,1,0,2,0,0,0,0,0,0,0,0,0,0,0,0,0,0,1,1,0,0,2203,0,0,1105,1853,0,1588,6746
1,41,7,23436,114,4,1,0,0,1,0,1,0,0,0,3,1,1,0,0,0,0,1,0,0,0,0,0,0,0,0,0,0,0,648,980,0,0,1867,3210
1,87,1,10343,14,9,2,0,0,1,0,1,0,0,0,4,1,0,0,0,0,0,0,0,0,1,0,0,0,0,0,0,0,0,2398,2004,0,0,1726,6548
1,25,3,7374,63,2,1,1,1,1,0,0,0,2,2,2,1,0,1,0,0,0,0,0,0,0,0,0,0,0,0,0,771,132,2131,0,0,0,1392,3919
1,37,1,9597,58,4,1,1,1,1,0,0,0,2,3,5,1,0,1,0,0,0,0,0,0,0,0,0,0,0,0,0,1107,525,9939,0,0,0,280,12778
1,63,1,11745,33,4,2,1,0,1,0,0,0,2,0,2,1,0,0,0,0,0,0,0,0,1,0,0,0,0,0,0,1875,0,3115,0,0,0,1853,7768
0,40,3,9746,64,4,1,0,1,1,0,0,0,0,2,5,0,0,0,0,0,0,0,0,0,0,0,0,1,0,1,1,0,342,8087,0,0,0,651,9254
0,62,4,9605,78,4,1,1,0,0,0,1,1,2,0,0,0,0,0,0,0,0,0,0,0,0,0,1,0,0,1,0,2337,0,0,1302,0,2362,1852,6914
1,62,2,15860,135,5,2,0,0,1,0,1,0,0,0,2,1,0,0,1,1,0,0,0,0,0,0,0,0,0,0,0,0,0,1195,990,0,0,264,2210
0,108,3,14068,90,7,2,1,0,1,0,1,1,4,0,3,0,0,0,0,0,0,0,0,0,0,0,1,0,0,1,0,5718,0,5732,3190,0,3464,1244,19444
1,40,3,15500,194,5,1,0,0,1,0,1,1,0,0,5,0,0,0,0,0,0,0,0,1,0,0,0,0,0,0,1,0,0,3542,953,0,1841,1903,9209
0,45,3,7871,91,5,1,0,1,0,1,1,0,0,3,0,0,0,0,0,0,0,0,0,0,0,0,0,1,1,0,0,0,576,0,1210,1346,0,568,3801
1,19,4,15250,145,2,1,1,1,1,1,1,0,1,2,5,0,0,0,0,0,0,0,0,1,0,0,0,0,0,0,1,265,257,2863,318,324,0,1893,5932
0,44,4,11031,93,4,1,0,1,1,0,1,0,0,1,2,0,0,0,0,0,0,0,0,0,0,0,1,0,0,1,0,0,576,3408,1025,0,0,1448,6982
0,74,1,10710,9,4,2,0,0,0,0,0,0,0,0,0,0,0,0,0,0,0,0,0,0,0,1,0,0,0,1,0,0,0,0,0,0,0,472,525
1,39,5,15680,153,2,1,1,1,1,1,0,1,3,2,5,1,0,0,0,0,1,0,0,0,0,0,0,0,0,0,0,1548,360,1338,0,734,3296,200,7288
0,38,3,9860,92,2,1,1,1,0,1,1,0,3,1,0,0,0,0,0,0,0,0,0,0,0,0,0,1,0,1,1,1119,559,0,784,916,0,747,3791
1,15,4,14659,158,2,1,0,0,1,0,0,0,0,0,2,1,0,0,0,0,1,0,0,0,0,0,0,0,0,0,0,0,0,3025,0,0,0,1940,4554
1,52,3,9915,55,4,1,1,1,1,1,1,1,3,2,2,0,0,0,0,0,0,1,1,0,0,0,0,1,0,0,0,3140,701,1921,1173,1287,3137,1670,11784
0,26,2,7371,19,2,1,1,1,1,0,1,1,3,3,3,0,0,0,0,0,0,0,0,0,0,0,1,0,0,0,1,1757,339,5918,880,0,2179,1263,12931
0,24,3,14260,96,2,1,1,0,0,1,1,1,4,0,0,0,0,0,0,0,0,0,0,0,0,0,1,0,0,1,0,1648,0,0,785,480,5012,1250,10419
1,33,3,10855,5,2,1,1,1,1,0,0,0,2,1,1,1,0,0,0,0,0,0,0,0,1,0,0,0,0,0,0,856,363,733,0,0,0,1485,3704
0,16,1,7192,25,2,1,1,0,0,0,1,1,4,0,0,0,0,0,0,0,0,0,0,0,0,0,1,0,0,0,1,1069,0,0,443,0,2107,1879,6038
0,92,3,8199,68,7,2,1,1,0,1,0,0,4,2,0,0,0,0,0,0,0,0,0,0,0,0,1,0,0,1,0,7255,884,0,0,3921,0,1450,14438
0,71,3,11944,96,5,2,0,0,1,0,0,0,0,0,3,0,0,0,0,0,0,0,0,0,0,0,1,0,0,1,0,0,0,2079,0,0,0,1652,3389
1,50,4,9449,50,3,1,0,1,1,0,0,0,0,1,2,1,0,0,1,1,0,0,0,0,0,0,0,0,0,0,0,0,417,3922,0,0,0,1741,6446
1,55,4,12742,120,3,2,0,1,1,0,1,0,0,1,1,0,0,0,0,0,0,1,1,0,0,0,0,1,0,0,0,0,584,1904,1507,0,0,884,4385
1,134,6,19303,138,8,4,1,0,1,0,1,0,2,0,1,1,1,0,0,0,0,1,0,0,0,0,0,0,0,0,0,5364,0,891,2094,0,0,1710,8584
1,54,2,9039,54,4,1,1,1,1,0,0,0,1,2,5,0,0,0,1,1,0,0,0,0,0,0,0,0,0,0,0,1271,506,3114,0,0,0,1468,6963
1,105,6,17668,174,13,3,1,0,1,1,1,1,4,0,3,1,1,0,0,0,0,1,0,0,0,0,0,0,0,0,0,9872,0,879,2900,3838,1793,522,21586
0,53,3,13677,90,5,1,1,0,0,0,1,1,3,0,0,0,0,0,0,0,0,0,0,0,0,0,1,0,0,1,0,2376,0,0,969,0,5393,483,8694
0,37,3,10939,56,2,1,1,0,0,0,1,0,1,0,0,0,0,0,0,0,0,0,0,0,0,0,1,0,0,1,0,816,0,0,1177,0,0,1634,3355
1,35,4,18247,128,3,1,0,0,1,0,1,0,0,0,5,0,0,0,0,0,0,0,0,1,0,0,0,0,0,0,1,0,0,6145,1253,0,0,1830,7877
1,52,3,8772,54,5,1,0,1,1,0,1,0,0,3,5,0,0,0,1,1,0,0,0,0,0,0,0,0,0,0,0,0,286,5939,1153,0,0,752,7771
0,42,2,7495,51,4,1,1,0,0,0,1,0,4,0,0,0,0,0,0,0,0,0,0,0,0,0,0,1,0,1,1,2353,0,0,1399,0,0,928,4073
1,58,1,5154,99,3,1,1,1,1,1,0,0,4,1,3,0,0,0,1,1,0,0,0,0,0,0,0,0,0,0,0,3082,541,4301,0,1448,0,301,9307
